user,friend
SpaceX,NASAArtemis
SpaceX,inspiration4x
SpaceX,rookisaacman
SpaceX,Astro_Soichi
SpaceX,NASASun
SpaceX,planet
SpaceX,Aki_Hoshide
SpaceX,astro_kimbrough
SpaceX,Astro_Megan
SpaceX,Thom_astro
SpaceX,Astro_SEAL
SpaceX,Axiom_Space
SpaceX,MissionToPsyche
SpaceX,SpaceAdventures
SpaceX,boringcompany
SpaceX,Teslarati
SpaceX,ViasatInc
SpaceX,WilliamShatner
SpaceX,Thales_Alenia_S
SpaceX,Telesat
SpaceX,rSpaceX
SpaceX,MDA_space
SpaceX,kacific
SpaceX,INTELSAT
SpaceX,Hispasat
SpaceX,SpaceForceCSO
SpaceX,Erdayastronaut
SpaceX,eshailsat
SpaceX,SecAFOfficial
SpaceX,Arabsat
SpaceX,dearmoonproject
SpaceX,yousuck2020
SpaceX,AstroVicGlover
SpaceX,JimBridenstine
SpaceX,NASA_TESS
SpaceX,SLDelta30
SpaceX,InmarsatGlobal
SpaceX,NatReconOfc
SpaceX,IridiumBoss
SpaceX,iafastro
SpaceX,sslmda
SpaceX,Astro_CabanaBob
SpaceX,SSC_Commander
SpaceX,SES_Satellites
SpaceX,BigelowSpace
SpaceX,NASA_LSP
SpaceX,ORBCOMM_Inc
SpaceX,AstroBehnken
SpaceX,IridiumComm
SpaceX,Hyperloop
SpaceX,USSF_SSC
SpaceX,SpaceForceDoD
SpaceX,POTUS45
SpaceX,Eutelsat_SA
SpaceX,waitbutwhy
SpaceX,DARPA
SpaceX,USCG
SpaceX,Space_Station
SpaceX,hawthorneCAL
SpaceX,ISS_CASIS
SpaceX,WhiteHouse45
SpaceX,DeptofDefense
SpaceX,PeterDiamandis
SpaceX,usairforce
SpaceX,ISS_Research
SpaceX,Astro_Doug
SpaceX,Astro_illini
SpaceX,csa_asc
SpaceX,casciencecenter
SpaceX,SLDelta45
SpaceX,StarTrek
SpaceX,StationCDRKelly
SpaceX,exploreplanets
SpaceX,NASAMars
SpaceX,NOAA
SpaceX,TheRealStanLee
SpaceX,JAXA_en
SpaceX,Astro_Suni
SpaceX,GeorgeTakei
SpaceX,Commercial_Crew
SpaceX,Jon_Favreau
SpaceX,Nanoracks
SpaceX,NASA_Johnson
SpaceX,NatGeo
SpaceX,elonmusk
SpaceX,BillNye
SpaceX,Tesla
SpaceX,esa
SpaceX,MarsCuriosity
SpaceX,SpaceFoundation
SpaceX,csf_spaceflight
SpaceX,NASA_Lunar
SpaceX,NASAMoon
SpaceX,NASAAmes
SpaceX,NASAJPL
SpaceX,NASA_Astronauts
SpaceX,NASA
SpaceX,NASAKennedy
SpaceX,neiltyson
SpaceX,glxp
elonmusk,HGJart
elonmusk,ilyasut
elonmusk,EuropaClipper
elonmusk,paraga
elonmusk,TheBabylonBee
elonmusk,BillyM2k
elonmusk,Rainmaker1973
elonmusk,inspiration4x
elonmusk,CNSAWatcher
elonmusk,gigadgets_
elonmusk,slashdot
elonmusk,thesheetztweetz
elonmusk,totalspace360
elonmusk,redditSpacePorn
elonmusk,rookisaacman
elonmusk,TheMarsSociety
elonmusk,CoinDesk
elonmusk,dogecoin_devs
elonmusk,dogecoin
elonmusk,cleantechnica
elonmusk,karpathy
elonmusk,Astro_Soichi
elonmusk,PopMech
elonmusk,PyTorch
elonmusk,Nigel_Lockyer
elonmusk,jagarikin
elonmusk,AstroVicGlover
elonmusk,Tesmanian_com
elonmusk,machineIearning
elonmusk,BBC_Future
elonmusk,kanyewest
elonmusk,teslacn
elonmusk,DeepMind
elonmusk,ashleevance
elonmusk,OpenAI
elonmusk,ID_AA_Carmack
elonmusk,slatestarcodex
elonmusk,jack
elonmusk,TalulahRiley
elonmusk,MKBHD
elonmusk,joerogan
elonmusk,Erdayastronaut
elonmusk,MachinePix
elonmusk,UniverCurious
elonmusk,NASASpaceflight
elonmusk,Grimezsz
elonmusk,wintonARK
elonmusk,TashaARK
elonmusk,archillect
elonmusk,skorusARK
elonmusk,hiromichimizuno
elonmusk,JimBridenstine
elonmusk,wonderofscience
elonmusk,SpaceForceCSO
elonmusk,SpaceForceDoD
elonmusk,Liv_Boeree
elonmusk,shivon
elonmusk,neiltyson
elonmusk,wlopwangling
elonmusk,Brian_J_Berger
elonmusk,CathieDWood
elonmusk,lexfridman
elonmusk,4thFromOurStar
elonmusk,BBCScienceNews
elonmusk,TheStoicEmperor
elonmusk,HardcoreHistory
elonmusk,Jon_Favreau
elonmusk,yousuck2020
elonmusk,pmarca
elonmusk,Wikipedia
elonmusk,engineers_feed
elonmusk,bbccomedy
elonmusk,levine
elonmusk,nichegamer
elonmusk,ToscaMusk
elonmusk,mayemusk
elonmusk,lisajoynolan
elonmusk,BBCBreaking
elonmusk,geekwire
elonmusk,SwiftOnSecurity
elonmusk,Malala
elonmusk,cgpgrey
elonmusk,westcoastbill
elonmusk,fermatslibrary
elonmusk,RickandMorty
elonmusk,NASAJPL
elonmusk,Space_Station
elonmusk,boringcompany
elonmusk,WorldAndScience
elonmusk,Hyperloop
elonmusk,medical_xpress
elonmusk,SouthPark
elonmusk,HistoryInPics
elonmusk,platobooktour
elonmusk,NASA
elonmusk,developonline
elonmusk,TheHackersNews
elonmusk,xkcdComic
elonmusk,waitbutwhy
elonmusk,arxivblog
elonmusk,Neuro_Skeptic
elonmusk,physorg_com
elonmusk,TeslaRoadTrip
elonmusk,nybooks
elonmusk,khanacademy
elonmusk,Tesla
elonmusk,SpaceX
NASA,astro_matthias
NASA,JimFree
NASA,v_wyche
NASA,NASA_Gateway
NASA,Astro_Pam
NASA,SenBillNelson
NASA,Aki_Hoshide
NASA,Thom_astro
NASA,NASAArtemis
NASA,dominickmatthew
NASA,uaespaceagency
NASA,Astro_Megan
NASA,KathyLueders
NASA,MarkKirasich
NASA,Astro_SEAL
NASA,NASARoman
NASA,NASAPersevere
NASA,DoNASAScience
NASA,NASA_Marshall
NASA,JonnyKimUSA
NASA,AEM_mx
NASA,isro
NASA,ILSpaceAgency
NASA,ASI_spazio
NASA,HiRISE
NASA,USGSLandsat
NASA,GLOBEProgram
NASA,esaspaceflight
NASA,ESA_EO
NASA,AusSpaceAgency
NASA,astro_josh
NASA,AstroDrewMorgan
NASA,NASAFltDirector
NASA,Astro_FarmerBob
NASA,Alaskan_Astro
NASA,NASAInterns
NASA,NASAIVV
NASA,NASA_TESS
NASA,Astro_Kutryk
NASA,zenanaut
NASA,Astro_Woody
NASA,AstroJaws
NASA,lunarloral
NASA,Astro_Raja
NASA,Astro_Feustel
NASA,NSF
NASA,NASASCaN
NASA,AstroKomrade
NASA,Dr_ThomasZ
NASA,Astro_Jeff
NASA,UNOOSA
NASA,NASAGO
NASA,NASAGroundSys
NASA,astro_kimbrough
NASA,NASAExhibit
NASA,AstroSerena
NASA,NASAARSET
NASA,astro_ricky
NASA,Astro_Stephanie
NASA,Astro_Boe
NASA,spacegovuk
NASA,CanberraDSN
NASA,Astro_Kate7
NASA,Astro_Christina
NASA,AstroHague
NASA,Astro_Jessica
NASA,Astro_CabanaBob
NASA,usgcrp
NASA,OSIRISREx
NASA,EuropaClipper
NASA,SpaceForceDoD
NASA,AstroAnnimal
NASA,AstroDuke
NASA,AstroVicGlover
NASA,CSIRO
NASA,Space_Station
NASA,NASASolve
NASA,NASANewHorizons
NASA,NASAaero
NASA,Astro_Sabot
NASA,Astro_Jeanette
NASA,NASA_OSBP
NASA,NASALaserComm
NASA,AstroBehnken
NASA,NASAsolutions
NASA,roscosmos
NASA,NearSpaceNet
NASA,NASAGISS
NASA,Astro_illini
NASA,astro_reid
NASA,astro_kjell
NASA,NASA_HQEM
NASA,NASAJSCStudents
NASA,airandspace
NASA,NASA_Supercomp
NASA,NASAInSight
NASA,Astro_Suni
NASA,NASAPrize
NASA,NASAScienceCast
NASA,NASA_SLS
NASA,WomenNASA
NASA,NASA_es
NASA,NOAA
NASA,NASApeople
NASA,NASAspaceplace
NASA,astro_Pettit
NASA,AstroMarshburn
NASA,NASAdata
NASA,SpaceApps
NASA,NASAViz
NASA,NASA_SatServ
NASA,NASA_eClips
NASA,NASAVoyager
NASA,ThirdRockRadio
NASA,Commercial_Crew
NASA,CNES
NASA,DLR_en
NASA,esa
NASA,AstroAcaba
NASA,NASA_LSP
NASA,Astro_Doug
NASA,Astro_Ferg
NASA,NASA_Landsat
NASA,csa_asc
NASA,esascience
NASA,esaoperations
NASA,NASASTEM
NASA,JAXA_en
NASA,ISS_CASIS
NASA,ISS_Research
NASA,NASASocial
NASA,AstroIronMike
NASA,NASA_Technology
NASA,NASAhistory
NASA,NASA_Orion
NASA,Astro_Wheels
NASA,StudentLaunch
NASA,NASAGoddardPix
NASA,JAXA_jp
NASA,NASAglenn
NASA,NASAspinoff
NASA,SOFIAtelescope
NASA,NASAJPL_Edu
NASA,NASA_STI
NASA,NASAUniverse
NASA,NASAAstrobio
NASA,NASAAtmosphere
NASA,RoverChallenge
NASA,NASAEarth
NASA,NASAStennis
NASA,Astro_Soichi
NASA,NASA_ICE
NASA,AsteroidWatch
NASA,NASAWebb
NASA,chandraxray
NASA,NASA_Johnson
NASA,NASA_Astronauts
NASA,NASA360
NASA,NASAJPL
NASA,NASA_Wallops
NASA,NASAArmstrong
NASA,NASAGoddard
NASA,NASA_Lunar
NASA,NASAKennedy
NASA,nasahqphoto
NASA,NASAExoplanets
NASA,NASA_Langley
NASA,NASAHubble
NASA,NASA_APPEL
NASA,NASAAmes
NASA,NASAClimate
NASA,NASASolarSystem
NASA,MarsCuriosity
NASA,NASAMars
NASA,NASAExpeditions
NASA,NASASun
NASA,NASA_EDGE
NASA,NASAMoon
POTUS45,USTradeRep45
POTUS45,NASA
POTUS45,foxandfriends
POTUS45,ericbolling
POTUS45,StateDept
POTUS45,EPA
POTUS45,DHSgov
POTUS45,USDOL
POTUS45,usedgov
POTUS45,HHSGov
POTUS45,USDA
POTUS45,DeptofDefense
POTUS45,TheJusticeDept
POTUS45,Interior
POTUS45,DeptVetAffairs
POTUS45,CommerceGov
POTUS45,USTreasury
POTUS45,SBAgov
POTUS45,ENERGY
POTUS45,USUN
POTUS45,USDOT
POTUS45,AmbNikkiHaley
POTUS45,stevenmnuchin1
POTUS45,SecElaineChao
POTUS45,SecretaryZinke
POTUS45,SecretaryCarson
POTUS45,SecretaryPerry
POTUS45,SecretaryRoss
POTUS45,Cabinet45
POTUS45,Scavino45
POTUS45,KellyannePolls
POTUS45,WhiteHouse45
POTUS45,SecondLady45
POTUS45,DanScavino
POTUS45,PressSec45
POTUS45,VP45
POTUS45,FLOTUS45
NatGeo,DivaAmon
NatGeo,paulakahumbu
NatGeo,canalesgraphics
NatGeo,WorldSpaceWeek
NatGeo,swilkesphoto
NatGeo,MizzGabNicole
NatGeo,Reddit
NatGeo,p_ninson
NatGeo,ReimagineTmrw
NatGeo,natgeodocs
NatGeo,kennelliott
NatGeo,joshirwandi
NatGeo,Tuchto
NatGeo,rebeccahui3
NatGeo,JimCameron
NatGeo,SquigglyVolcano
NatGeo,rosavespinoza
NatGeo,mallorybenedict
NatGeo,nsanmartin
NatGeo,IslaHMS
NatGeo,EVNautilus
NatGeo,Fredtheclimber
NatGeo,jovialjoy
NatGeo,NG_PristineSeas
NatGeo,NASAPersevere
NatGeo,NGKidsBks
NatGeo,MarianaVZ
NatGeo,QuarrierSadie
NatGeo,NASAArtemis
NatGeo,ABCNewsLive
NatGeo,smitashrm
NatGeo,yudhijit
NatGeo,AP_Planner
NatGeo,d_bonadonna
NatGeo,SerpenIllus
NatGeo,BriggsInSpace
NatGeo,edbites
NatGeo,RebeccaRennerFL
NatGeo,RJConsults
NatGeo,MyFrogCroaked
NatGeo,aebrennen
NatGeo,JenChavezMiller
NatGeo,mclean_ka
NatGeo,juan_s_mayorga
NatGeo,dereckbeverly
NatGeo,drsteveboyes
NatGeo,PaulSalopek
NatGeo,outofedenwalk
NatGeo,LeeRberger
NatGeo,NatGeoLibrary
NatGeo,jessaddwater
NatGeo,Ella_AlShamahi
NatGeo,thandi_LV
NatGeo,exploreralbert
NatGeo,EarthHeiress
NatGeo,dzalcman
NatGeo,DavidDoubilet
NatGeo,DavidQuammen
NatGeo,hannahreyphoto
NatGeo,JTKerby
NatGeo,pkmuller
NatGeo,JedidahIslerPhD
NatGeo,travelerstone
NatGeo,SandeshKadur
NatGeo,jadlerphoto
NatGeo,laurelchor
NatGeo,prasen_yadav
NatGeo,drvickip
NatGeo,IkireJones
NatGeo,AratiKumarRao
NatGeo,Amivee
NatGeo,dominicbracco
NatGeo,vincentjmusi
NatGeo,lynseyaddario
NatGeo,Lujan_Agusti
NatGeo,edkashi
NatGeo,tasneemalsultan
NatGeo,RaeWynnGrant
NatGeo,AlexHonnold
NatGeo,cmittermeier
NatGeo,biologistimo
NatGeo,georuzo
NatGeo,rodrigomedellin
NatGeo,laurajoparker
NatGeo,FredHiebert
NatGeo,itskthornton
NatGeo,JohnStanmeyer
NatGeo,rfobar
NatGeo,DAdamsSimmons
NatGeo,sarahyltonphoto
NatGeo,shonephoto
NatGeo,KatieOrlinsky
NatGeo,DoestPhoto
NatGeo,NizarIbrahimPhD
NatGeo,wasfia
NatGeo,InsideNatGeo
NatGeo,jimkchin
NatGeo,garyknell
NatGeo,PaulNicklen
NatGeo,nadiamdrake
NatGeo,NASA
NatGeo,btjakes
NatGeo,kirstenluce
NatGeo,rabbitearz93
NatGeo,MoNscience
NatGeo,Indira_L
NatGeo,swfoto
NatGeo,jeancase
NatGeo,ashadevos
NatGeo,dabeard
NatGeo,SylviaEarle
NatGeo,Enric_Sala
NatGeo,petergwin
NatGeo,loupalu
NatGeo,disneyplus
NatGeo,bittelmethis
NatGeo,rhshea
NatGeo,Emma_Marris
NatGeo,BenFeist
NatGeo,NinaStrochlic
NatGeo,bobpoolefilms
NatGeo,tompeschak
NatGeo,joelsartore
NatGeo,Brian_Skerry
NatGeo,chamiltonjames
NatGeo,jasontreat
NatGeo,Dina_Maron
NatGeo,marcuseast
NatGeo,carolynporco
NatGeo,NASAInSight
NatGeo,NASAJPL
NatGeo,Cubiquidis
NatGeo,MarieMcG23
NatGeo,Douglas_Main
NatGeo,WeiPoints
NatGeo,N8teface
NatGeo,alejandrabee_
NatGeo,nicklunn
NatGeo,HeatherLBrady
NatGeo,Kate_Coughlin
NatGeo,okaysteve
NatGeo,jillcress
NatGeo,CiaraM_OD
NatGeo,shahselbe
NatGeo,davidtlang
NatGeo,AmeliaStymacks
NatGeo,kristinromey
NatGeo,DanEnRoute
NatGeo,Sarah_Gibbens
NatGeo,JaniActman
NatGeo,vaughnwallace
NatGeo,natashaldaly
NatGeo,Rachael_Bale
NatGeo,CraigAWelch
NatGeo,dangilgoff
NatGeo,arebeewrites
NatGeo,vmjaggard99
NatGeo,socialpyramid
NatGeo,cdellamore
NatGeo,michaelgreshko
NatGeo,epsilon_ime
NatGeo,WildEarth
NatGeo,BryanChristy
NatGeo,NatGeoMuseum
NatGeo,NatGeoGenius
NatGeo,susanbgoldberg
NatGeo,dguttenfelder
NatGeo,NatGeoFood
NatGeo,NatGeoPR
NatGeo,NatGeoScience
NatGeo,NatGeoBooks
NatGeo,NatGeoEducation
NatGeo,NatGeoMag
NatGeo,NGKids
NatGeo,NatGeoLive
NatGeo,natgeowild
NatGeo,ngadventure
NatGeo,NatGeoTravel
NatGeo,NatGeoPhotos
NatGeo,NatGeoTV
NatGeo,NatGeoExplorers
WhiteHouse45,Mike_Pence
WhiteHouse45,OMBPress45
WhiteHouse45,WHNSC45
WhiteHouse45,Cabinet45
WhiteHouse45,KellyannePolls
WhiteHouse45,Scavino45
WhiteHouse45,SecondLady45
WhiteHouse45,PressSec45
WhiteHouse45,VP45
WhiteHouse45,FLOTUS45
WhiteHouse45,POTUS45
BBCBreaking,BBCSport
BBCBreaking,BBCWorld
BBCBreaking,BBCNews
kanyewest,IAMNERDIShare
kanyewest,signatureleaks
kanyewest,icecube
kanyewest,ELLIUQAHS_
kanyewest,JESUSlSKING
kanyewest,ye4us
kanyewest,MasterPMiller
kanyewest,BIRDMAN5STAR
kanyewest,Wale
kanyewest,Adele
kanyewest,LeoDiCaprio
kanyewest,djkhaled
kanyewest,Pink
kanyewest,DJDRAMA
kanyewest,tomhanks
kanyewest,myfabolouslife
kanyewest,THEREALSWIZZZ
kanyewest,BustaRhymes
kanyewest,JimCarrey
kanyewest,Ludacris
kanyewest,Eminem
kanyewest,ettenaj_
kanyewest,_TheonlyGriff
kanyewest,KillJayJenks
kanyewest,jayyneoo
kanyewest,HennyHardaway21
kanyewest,MissFleek_
kanyewest,bootsAndBoobs_
kanyewest,bygoditswilber
kanyewest,KevinHart4real
kanyewest,Variety
kanyewest,highsnobiety
kanyewest,thefader
kanyewest,HYPEBEAST
kanyewest,chrissyteigen
kanyewest,Complex
kanyewest,mycoolnewshoes
kanyewest,felipemnzp
kanyewest,newton212121
kanyewest,Thought_AtWork
kanyewest,carmye_
kanyewest,hilaxo_
kanyewest,RachelKaitlyn
kanyewest,MissyElliott
kanyewest,amw_662
kanyewest,mediatkd1
kanyewest,welovekanyeTM
kanyewest,kanyegallery
kanyewest,papochocha
kanyewest,So_Help_Me_Ye
kanyewest,caz_wav
kanyewest,ANTIDMND
kanyewest,BonGucci
kanyewest,ScottyDReports
kanyewest,blaccmass
kanyewest,lilyachty
kanyewest,HotNewHipHop
kanyewest,artolics
kanyewest,kelsssmiller
kanyewest,artworkbyjb
kanyewest,monkeydnahom
kanyewest,BluebearBetsy
kanyewest,urfreetoroam
kanyewest,el_alacran14
kanyewest,icanstill
kanyewest,cleanupcrw
kanyewest,motivst
kanyewest,wegotl0ve
kanyewest,yeat4pres
kanyewest,okirobeats
kanyewest,dirtbagjones
kanyewest,jjajanken
kanyewest,LastGerm
kanyewest,MUDB0YWEST
kanyewest,yoyotrav
kanyewest,SwaeLee
kanyewest,RaeSremmurd
kanyewest,MikeWiLLMadeIt
kanyewest,MetroBoomin
kanyewest,weekndvis
kanyewest,LilUziLondon
kanyewest,volta_1721
kanyewest,MYtweetsR2dope
kanyewest,SubinSubedi
kanyewest,Kanye_theGoat
kanyewest,Jei_Siah
kanyewest,burnfrenchtoast
kanyewest,edvachaa
kanyewest,Orangeye7
kanyewest,HueyKnew_
kanyewest,emocowboy410
kanyewest,yxhannes
kanyewest,Raymond21963618
kanyewest,sadiokanye
kanyewest,Dofis68
kanyewest,astrxx_2
kanyewest,WavyJakey
kanyewest,cinebad
kanyewest,ASVPXILLZ
kanyewest,pepperoniboy69
kanyewest,alastair_27
kanyewest,jahazielenan
kanyewest,yeezywhatsgood
kanyewest,miracIewhips
kanyewest,lukewilson022
kanyewest,HudMo
kanyewest,TheRealBenjiB
kanyewest,FamousDex
kanyewest,richthekid
kanyewest,playboicarti
kanyewest,msbrixonbaby
kanyewest,xanadusoul
kanyewest,JustMattBentley
kanyewest,LAMB_0F_GOD
kanyewest,_thedaysbefore_
kanyewest,YeezyBeaver
kanyewest,ChrisBreezy7300
kanyewest,kanyeforthekids
kanyewest,ScooptyWhooop
kanyewest,YeezyMontage
kanyewest,TheLifeOfJulian
kanyewest,jimmykimmel
kanyewest,FairchildGarden
kanyewest,BishopJakes
kanyewest,ima_fix_wolves
kanyewest,BillClinton
kanyewest,BillGates
kanyewest,tim_cook
kanyewest,B_hundred_Hyun
kanyewest,Oprah
kanyewest,BarackObama
kanyewest,Pharrell
kanyewest,PUSHA_T
kanyewest,tylerthecreator
kanyewest,1YoungTakeoff
kanyewest,theweeknd
kanyewest,joeyBADASS
kanyewest,iamcardib
kanyewest,asvpxrocky
kanyewest,sza
kanyewest,Genius
kanyewest,ASAPferg
kanyewest,ASAPMOB
kanyewest,virgilabloh
kanyewest,KimKanyeKimYeFC
kanyewest,JaidaRaymond
kanyewest,zeinabnajm
kanyewest,ninaalaurel
kanyewest,GOODMUSIC
kanyewest,excitebikee
kanyewest,jakethedegen
kanyewest,Shinkageryo
kanyewest,yetaughtni
kanyewest,colinags
kanyewest,RickRoss
kanyewest,overdramatique
kanyewest,lil_sperm
kanyewest,tlopnator
kanyewest,YeezyCroissants
kanyewest,cudihummmmms
kanyewest,yzypalette
kanyewest,TreySongz
kanyewest,Diddy
kanyewest,ScHoolboyQ
kanyewest,KDTrey5
kanyewest,SnoopDogg
kanyewest,kendricklamar
kanyewest,BigSean
kanyewest,KingJames
kanyewest,Drake
kanyewest,LilTunechi
kanyewest,CarolineLucas
kanyewest,Perrier
kanyewest,EamonOfficial
kanyewest,Editwithmouse
kanyewest,raechal
kanyewest,TayZonday
kanyewest,ConanOBrien
kanyewest,selenagomez
kanyewest,shakira
kanyewest,jimmyfallon
kanyewest,katyperry
kanyewest,NICKIMINAJ
kanyewest,theyeezymafia
kanyewest,dfarella
kanyewest,joshe
kanyewest,Celloboy26
kanyewest,HiRezTheRapper
kanyewest,Maha_Sattva
kanyewest,KanyePodcast
kanyewest,trvisXX
kanyewest,chancetherapper
kanyewest,TeamKanyeDaily
kanyewest,bep
kanyewest,gherbo
kanyewest,TheEllenShow
kanyewest,QuavoStuntin
kanyewest,YG
kanyewest,gucci1017
kanyewest,2chainz
kanyewest,youngthug
kanyewest,1future
kanyewest,tydollasign
kanyewest,ralphyriver
kanyewest,dennisrodman
kanyewest,pitbull
kanyewest,cleantechnica
kanyewest,rihanna
kanyewest,elonmusk
kanyewest,jack
kanyewest,KidCudi
kanyewest,RealCandaceO
neiltyson,StarTalkSports
neiltyson,peeweeherman
neiltyson,StarTalkRadio
neiltyson,DefenseIntel
neiltyson,DeptofDefense
neiltyson,USNavy
neiltyson,DARPA
neiltyson,republicofmath
neiltyson,Snowden
neiltyson,TheTweetOfGod
neiltyson,levarburton
neiltyson,BrannonBraga
neiltyson,GirlsAreGeeks
neiltyson,bug_gwen
neiltyson,billmaher
neiltyson,JimGaffigan
neiltyson,SarahKSilverman
neiltyson,WhoopiGoldberg
neiltyson,Burghound
neiltyson,algore
neiltyson,rickygervais
neiltyson,Pogue
neiltyson,SamHarrisOrg
neiltyson,chucknicecomic
neiltyson,JohnAllenPaulos
neiltyson,sciencecomedian
neiltyson,SethMacFarlane
neiltyson,JRichardGott
neiltyson,michaelshermer
neiltyson,ProfBrianCox
neiltyson,pzmyers
neiltyson,milesobrien
neiltyson,kevinmitnick
neiltyson,billprady
neiltyson,RichardDawkins
neiltyson,StephenAtHome
neiltyson,BillNye
neiltyson,BadAstronomer
neiltyson,elakdawalla
NASAHubble,NASA_Gateway
NASAHubble,Astro_Pam
NASAHubble,NASAClimate
NASAHubble,NASA_eClips
NASAHubble,NASAspaceplace
NASAHubble,NASA_Wallops
NASAHubble,NASAStennis
NASAHubble,Commercial_Crew
NASAHubble,NASAInterns
NASAHubble,NASAArtemis
NASAHubble,NearSpaceNet
NASAHubble,NASApeople
NASAHubble,NASA_STI
NASAHubble,NASAAtmosphere
NASAHubble,NASAExhibit
NASAHubble,MissionToPsyche
NASAHubble,OSIRISREx
NASAHubble,Astro_Megan
NASAHubble,ThirdRockRadio
NASAHubble,NASAMoon
NASAHubble,NASAMars
NASAHubble,NASAPersevere
NASAHubble,NASA_es
NASAHubble,NASA_Astronauts
NASAHubble,NASASolarSystem
NASAHubble,NASAEarth
NASAHubble,Space_Station
NASAHubble,NASARoman
NASAHubble,WomenNASA
NASAHubble,NASA_SLS
NASAHubble,NASASCaN
NASAHubble,NASA_Marshall
NASAHubble,Astro_Feustel
NASAHubble,Dr_ThomasZ
NASAHubble,Astro_Buckeye
NASAHubble,EuropaClipper
NASAHubble,NASAspinoff
NASAHubble,bnjacobs
NASAHubble,JohnDebes
NASAHubble,PBSKIDS
NASAHubble,Go4EVA
NASAHubble,groorg1
NASAHubble,_JoyNg
NASAHubble,IraThorpe
NASAHubble,northropgrumman
NASAHubble,PHertzNASA
NASAHubble,DeepAstronomy
NASAHubble,ChrisGainor
NASAHubble,IntrepidMuseum
NASAHubble,Astro_Mike
NASAHubble,NASANewHorizons
NASAHubble,astraughnomer
NASAHubble,NASAAstrobio
NASAHubble,AstrobiologyMag
NASAHubble,kielder_obs
NASAHubble,NASA360
NASAHubble,keckobservatory
NASAHubble,NASAUniverse
NASAHubble,kimberlykowal
NASAHubble,the_zooniverse
NASAHubble,diskdetective
NASAHubble,Planck
NASAHubble,NSFVoyager2
NASAHubble,elakdawalla
NASAHubble,esascience
NASAHubble,spacegovuk
NASAHubble,dailygalaxy
NASAHubble,ReutersScience
NASAHubble,galaxyzoo
NASAHubble,WIREDScience
NASAHubble,sciam
NASAHubble,csa_asc
NASAHubble,universetoday
NASAHubble,b0yle
NASAHubble,iafastro
NASAHubble,RoyalAstroSoc
NASAHubble,VaticanObserv
NASAHubble,ObservingSpace
NASAHubble,IAU_org
NASAHubble,ESAHerschel
NASAHubble,guardianscience
NASAHubble,Fabric_of_Space
NASAHubble,LowellObs
NASAHubble,WIAstronomy
NASAHubble,NSF
NASAHubble,ESO
NASAHubble,Astrobiology_jn
NASAHubble,NASAExoplanets
NASAHubble,NewHorizons2015
NASAHubble,exploreplanets
NASAHubble,newscientist
NASAHubble,HUBBLE_space
NASAHubble,NAICobservatory
NASAHubble,NASAAmes
NASAHubble,NASAJPL
NASAHubble,NASA_Technology
NASAHubble,NASAglenn
NASAHubble,NASAArmstrong
NASAHubble,NASAViz
NASAHubble,NASA_SatServ
NASAHubble,zgl
NASAHubble,marckuchner
NASAHubble,KenAstro
NASAHubble,AstronomyMag
NASAHubble,SOFIAtelescope
NASAHubble,SkyandTelescope
NASAHubble,NASA_Langley
NASAHubble,SciAstro
NASAHubble,nasahqphoto
NASAHubble,NASAGoddardPix
NASAHubble,esa
NASAHubble,neiltyson
NASAHubble,SPACEdotcom
NASAHubble,airandspace
NASAHubble,milesobrien
NASAHubble,NASA_Johnson
NASAHubble,NASAhistory
NASAHubble,chandraxray
NASAHubble,HubbleTelescope
NASAHubble,NASAGoddard
NASAHubble,NASAWebb
NASAHubble,Astro_Flow
NASAHubble,ExploreAstro
NASAHubble,SpaceTelescope
NASAHubble,reddit_science
NASAHubble,womanastronomer
NASAHubble,MDScienceCenter
NASAHubble,TheRealBuzz
NASAHubble,HubbleTopStars
NASAHubble,NASASun
NASAHubble,drfranksummers
NASAHubble,flyingjenny
NASAHubble,Nancy_A
NASAHubble,NASAKennedy
NASAHubble,Free_Space
NASAHubble,skyatnightmag
NASAHubble,space
NASAHubble,NASA
Space_Station,NASASCaN
Space_Station,astro_matthias
Space_Station,NASAViz
Space_Station,novitskiy_iss
Space_Station,NASA_Gateway
Space_Station,lunarloral
Space_Station,astro_g_dogg
Space_Station,NASA_SatServ
Space_Station,Explorer_Flight
Space_Station,Astro_Stephanie
Space_Station,jmorhard
Space_Station,Astro_CabanaBob
Space_Station,KudSverchkov
Space_Station,US_SpaceCom
Space_Station,Astro_Kutryk
Space_Station,ivan_mks63
Space_Station,Astro_Megan
Space_Station,AstroJaws
Space_Station,KathyLueders
Space_Station,Astro_SEAL
Space_Station,JonnyKimUSA
Space_Station,NASAUniverse
Space_Station,Dr_ThomasZ
Space_Station,Astro_Tani
Space_Station,BettinaInclan
Space_Station,DouglasLoverro
Space_Station,USMC
Space_Station,USArmy
Space_Station,USNavy
Space_Station,usairforce
Space_Station,AnoushehAnsari
Space_Station,JanetKavandi
Space_Station,Aki_Hoshide
Space_Station,NASA_APPEL
Space_Station,MarkKirasich
Space_Station,AirbusSpace
Space_Station,Astro_Raja
Space_Station,Astro_FarmerBob
Space_Station,Astro_Woody
Space_Station,zenanaut
Space_Station,TechshotInc
Space_Station,northropgrumman
Space_Station,Astro_Boe
Space_Station,NASAEarth
Space_Station,Snoopy
Space_Station,Astro_Christina
Space_Station,astro_kimbrough
Space_Station,astro_josh
Space_Station,AstroDrewMorgan
Space_Station,NASAFltDirector
Space_Station,Axiom_Space
Space_Station,AstroSerena
Space_Station,NASASun
Space_Station,BoeingSpace
Space_Station,JimBridenstine
Space_Station,Astro_Feustel
Space_Station,AstroHague
Space_Station,Astro_Kanai
Space_Station,NWSNHC
Space_Station,DeptofDefense
Space_Station,kevin_astro7
Space_Station,Astro_Rommel
Space_Station,trainastronaut
Space_Station,esaspaceflight
Space_Station,AstroKomrade
Space_Station,ESA_ExoMars
Space_Station,NASANewHorizons
Space_Station,NASAJuno
Space_Station,SierraNevCorp
Space_Station,Astromaterials
Space_Station,Astro2fish
Space_Station,Astro_Ellen
Space_Station,BigelowSpace
Space_Station,EarthKAM_Live
Space_Station,ulalaunch
Space_Station,Astro_Jessica
Space_Station,NASASTEM
Space_Station,Volkov_ISS
Space_Station,Astro_Kimiya
Space_Station,AstroPeggy
Space_Station,DavaExplorer
Space_Station,HUBBLE_space
Space_Station,PeridotFlight
Space_Station,roscosmos
Space_Station,NASA3DPrinter
Space_Station,Saturn_Flight
Space_Station,NASAArtemis
Space_Station,USembassyKAZ
Space_Station,RF2Space
Space_Station,K12FutureE
Space_Station,CommanderMLA
Space_Station,Carbon_Flight
Space_Station,OrbitalATK
Space_Station,MarsPhoenix
Space_Station,NASAMoon
Space_Station,NASA_EDGE
Space_Station,NASAHubble
Space_Station,NASAExoplanets
Space_Station,NASA_Langley
Space_Station,KSC_MOCOP
Space_Station,ObamaWhiteHouse
Space_Station,WhiteHouse45
Space_Station,NASA_Wallops
Space_Station,NASA360
Space_Station,Astro_Sandy
Space_Station,NASAWebb
Space_Station,Astro_Soichi
Space_Station,NASAspinoff
Space_Station,Astro_Nicholas
Space_Station,NASAglenn
Space_Station,NASAGoddardPix
Space_Station,Astro_Box
Space_Station,Astro_Taz
Space_Station,astro_paolo
Space_Station,JAXA_en
Space_Station,NASA_NSSC
Space_Station,Astro_Ferg
Space_Station,AstroCoastie
Space_Station,Commercial_Crew
Space_Station,NASAVoyager
Space_Station,NASA_eClips
Space_Station,SpaceApps
Space_Station,NASAspaceplace
Space_Station,NASApeople
Space_Station,NASA_es
Space_Station,WomenNASA
Space_Station,NASA_SLS
Space_Station,NASAJSCStudents
Space_Station,VisitNASA
Space_Station,MAVEN2Mars
Space_Station,DavidWeaver
Space_Station,ESA_History
Space_Station,Astro_Jeanette
Space_Station,Astro_Sabot
Space_Station,NASAaero
Space_Station,NASAArmstrong
Space_Station,SpaceCenterHou
Space_Station,InsideKSC
Space_Station,NASAAmes
Space_Station,NASAhistory
Space_Station,ExploreSpaceKSC
Space_Station,NASAStennis
Space_Station,StoryTimeSpace
Space_Station,SpaceTeam
Space_Station,NASA_Technology
Space_Station,ARISS_status
Space_Station,NASASocial
Space_Station,Nanoracks
Space_Station,ThirdRockRadio
Space_Station,AMSISS
Space_Station,NASAGoddard
Space_Station,MadeInSpace
Space_Station,SpaceX
Space_Station,NASAKennedy
Space_Station,astro_timpeake
Space_Station,OlegMKS
Space_Station,Msuraev
Space_Station,NASA_Marshall
Space_Station,astro_ricky
Space_Station,NASAJPL
Space_Station,MarsCuriosity
Space_Station,csa_asc
Space_Station,AstroBehnken
Space_Station,SpaceLive
Space_Station,AstroDocScott
Space_Station,KeystoneFlight
Space_Station,AstroAnnimal
Space_Station,AstroDuke
Space_Station,foreman_mike
Space_Station,astro_reid
Space_Station,Thom_astro
Space_Station,Astro_Alex
Space_Station,Anton_Astrey
Space_Station,AstroSamantha
Space_Station,Astro_Andreas
Space_Station,AstroDot
Space_Station,Tungsten_Flight
Space_Station,Astro_Kate7
Space_Station,NASA_Supercomp
Space_Station,astro_tim
Space_Station,StationCDRKelly
Space_Station,Astro_Flow
Space_Station,Astro_TJ
Space_Station,Astro_Jeff
Space_Station,NASA_Images
Space_Station,esascience
Space_Station,astro_andre
Space_Station,Astro_Rex
Space_Station,AstroAcaba
Space_Station,ESA_de
Space_Station,ESA_nl
Space_Station,astro_luca
Space_Station,Astro_Suni
Space_Station,Astro_DavidS
Space_Station,Astro_Jeremy
Space_Station,Astro_illini
Space_Station,Astro_Wakata
Space_Station,nasahqphoto
Space_Station,ISS_CASIS
Space_Station,AstroClass2013
Space_Station,NASASolarSystem
Space_Station,Astro_Cady
Space_Station,SOFIAtelescope
Space_Station,esaoperations
Space_Station,NASA_Orion
Space_Station,NASA_NEEMO
Space_Station,Astro_Doug
Space_Station,ISS_Research
Space_Station,AstroIronMike
Space_Station,astro_kjell
Space_Station,NASA_TV
Space_Station,AstroRobonaut
Space_Station,NASA_Johnson
Space_Station,Astro_Ron
Space_Station,astro_aggie
Space_Station,AstroRM
Space_Station,esa
Space_Station,Astro_Nicole
Space_Station,AstroTerry
Space_Station,Astro_Wheels
Space_Station,AstroKarenN
Space_Station,NASA_Astronauts
Space_Station,NASA
Space_Station,astro_Pettit
Space_Station,AstroMarshburn
isro,PIBHindi
isro,PIB_India
isro,rashtrapatibhvn
isro,narendramodi
isro,MarsWxReport
isro,ESA_de
isro,NASA360
isro,CanberraDSN
isro,PMOIndia
isro,IndiaHistorypic
isro,b0yle
isro,SpaceFrontier
isro,CassiniSaturn
isro,NASA_Lunar
isro,NASAGoddardPix
isro,ESA_History
isro,esaoperations
isro,IndianDiplomacy
isro,Spaceflight101
isro,csa_asc
isro,NASA_Marshall
isro,CERN
isro,exploreplanets
isro,NASAhistory
isro,elakdawalla
isro,CNES
isro,Arianespace
isro,esascience
isro,esa
isro,NASA
isro,NITIAayog
MarsCuriosity,NASAPersevere
MarsCuriosity,JimBridenstine
MarsCuriosity,CassiniSaturn
MarsCuriosity,NASAJuno
MarsCuriosity,Space_Station
MarsCuriosity,NASAhistory
MarsCuriosity,Dr_ThomasZ
MarsCuriosity,TessaJeanMiller
MarsCuriosity,NatGeoTV
MarsCuriosity,Stephist
MarsCuriosity,FallonTonight
MarsCuriosity,MarsOrbiter
MarsCuriosity,HiRISE
MarsCuriosity,NASAVoyager
MarsCuriosity,EllenStofan
MarsCuriosity,ladygaga
MarsCuriosity,AbrahamBenrubi
MarsCuriosity,Radiolab
MarsCuriosity,shortyawards
MarsCuriosity,SteveMartinToGo
MarsCuriosity,BBCStargazing
MarsCuriosity,STEM_Works
MarsCuriosity,SciAstro
MarsCuriosity,claratma
MarsCuriosity,MAVEN2Mars
MarsCuriosity,NASAInSight
MarsCuriosity,theAGU
MarsCuriosity,csa_asc
MarsCuriosity,iamwill
MarsCuriosity,INL
MarsCuriosity,NASA_LSP
MarsCuriosity,nasajim
MarsCuriosity,nasa_eyes
MarsCuriosity,jpltweetup
MarsCuriosity,AdlerPlanet
MarsCuriosity,sandentotten
MarsCuriosity,taketwo
MarsCuriosity,elakdawalla
MarsCuriosity,JeriLRyan
MarsCuriosity,thinkgeek
MarsCuriosity,NASASocial
MarsCuriosity,ZeroG_MD
MarsCuriosity,StationCDRKelly
MarsCuriosity,CaptMarkKelly
MarsCuriosity,Astro_Wheels
MarsCuriosity,Astro_TJ
MarsCuriosity,Astro_Sandy
MarsCuriosity,Astro_Ron
MarsCuriosity,Astro_Nicholas
MarsCuriosity,Astro_Jeff
MarsCuriosity,Astro_Flow
MarsCuriosity,Astro_Cady
MarsCuriosity,Astro_Bones
MarsCuriosity,Astro_127
MarsCuriosity,NASAStennis
MarsCuriosity,NASA_Langley
MarsCuriosity,NASA_Johnson
MarsCuriosity,MythBusters
MarsCuriosity,exploratorium
MarsCuriosity,esa
MarsCuriosity,CERN
MarsCuriosity,argonne
MarsCuriosity,airandspace
MarsCuriosity,WIRED
MarsCuriosity,washingtonpost
MarsCuriosity,USATODAY
MarsCuriosity,TIME
MarsCuriosity,Techland
MarsCuriosity,symmetrymag
MarsCuriosity,tmro
MarsCuriosity,slashdot
MarsCuriosity,NewsfromScience
MarsCuriosity,Reuters
MarsCuriosity,PopSci
MarsCuriosity,NPR
MarsCuriosity,Newsweek
MarsCuriosity,NatGeoPhotos
MarsCuriosity,mashable
MarsCuriosity,marstoday
MarsCuriosity,HuffPost
MarsCuriosity,guardianscience
MarsCuriosity,Gizmodo
MarsCuriosity,engadget
MarsCuriosity,Fabric_of_Space
MarsCuriosity,dailygalaxy
MarsCuriosity,CNETNews
MarsCuriosity,BoingBoing
MarsCuriosity,BBCWorld
MarsCuriosity,arstechnica
MarsCuriosity,xeni
MarsCuriosity,wilw
MarsCuriosity,Veronica
MarsCuriosity,TheRealNimoy
MarsCuriosity,TheRealStanLee
MarsCuriosity,skytland
MarsCuriosity,Space_Pete
MarsCuriosity,schierholz
MarsCuriosity,Pomerantz
MarsCuriosity,hardwick
MarsCuriosity,neilhimself
MarsCuriosity,milesobrien
MarsCuriosity,levarburton
MarsCuriosity,jhjones
MarsCuriosity,jonathancoulton
MarsCuriosity,grantimahara
MarsCuriosity,glxp
MarsCuriosity,BillNye
MarsCuriosity,feliciaday
MarsCuriosity,drkiki
MarsCuriosity,donttrythis
MarsCuriosity,doug_ellison
MarsCuriosity,BrentSpiner
MarsCuriosity,biz
MarsCuriosity,bethbeck
MarsCuriosity,PasStarNews
MarsCuriosity,TEDTalks
MarsCuriosity,ReutersScience
MarsCuriosity,apod
MarsCuriosity,astro_tim
MarsCuriosity,Astro_Nicole
MarsCuriosity,NASA_Marshall
MarsCuriosity,Planck
MarsCuriosity,NASA_Wallops
MarsCuriosity,NASAArmstrong
MarsCuriosity,nasahqphoto
MarsCuriosity,TheRealBuzz
MarsCuriosity,NASAExpeditions
MarsCuriosity,PlanetQuest
MarsCuriosity,NASAGoddard
MarsCuriosity,Astro_Mike
MarsCuriosity,chandraxray
MarsCuriosity,NASAMoon
MarsCuriosity,DiggScience
MarsCuriosity,neiltyson
MarsCuriosity,Astro_Soichi
MarsCuriosity,DiscoverMag
MarsCuriosity,Discovery
MarsCuriosity,ScienceNews
MarsCuriosity,BBCScienceNews
MarsCuriosity,NSF
MarsCuriosity,ProfBrianCox
MarsCuriosity,science
MarsCuriosity,USGS
MarsCuriosity,NatGeo
MarsCuriosity,WIREDScience
MarsCuriosity,SETIInstitute
MarsCuriosity,ScienceChannel
MarsCuriosity,scifri
MarsCuriosity,sciam
MarsCuriosity,newscientist
MarsCuriosity,LRO_NASA
MarsCuriosity,Nature
MarsCuriosity,BadAstronomer
MarsCuriosity,NASAAtmosphere
MarsCuriosity,NYTScience
MarsCuriosity,physorg_com
MarsCuriosity,NASAKennedy
MarsCuriosity,alexismadrigal
MarsCuriosity,smithsonian
MarsCuriosity,Astro_Naoko
MarsCuriosity,NASAJPL_Edu
MarsCuriosity,Astro_Clay
MarsCuriosity,Astro_Jose
MarsCuriosity,AsteroidWatch
MarsCuriosity,NASAClimate
MarsCuriosity,WHOSTP44
MarsCuriosity,VeronicaMcG
MarsCuriosity,NASA
MarsCuriosity,NASAJPL
MarsCuriosity,NASASolarSystem
MarsCuriosity,NASAMars
MarsCuriosity,MarsPhoenix
NASAJPL,NASAWebb
NASAJPL,NASASCaN
NASAJPL,nasajplcareers
NASAJPL,NASApeople
NASAJPL,Astromaterials
NASAJPL,NASA360
NASAJPL,DoNASAScience
NASAJPL,NASAPrize
NASAJPL,NASAARSET
NASAJPL,NASAaero
NASAJPL,NASA_APPEL
NASAJPL,NASA_NSSC
NASAJPL,NASAIVV
NASAJPL,NASAGISS
NASAJPL,NASAGoddardPix
NASAJPL,NASAglenn
NASAJPL,NASASTEM
NASAJPL,Gabb_More
NASAJPL,lindarovera
NASAJPL,NASAAstrobio
NASAJPL,NASAUniverse
NASAJPL,oceanexplorer
NASAJPL,NASAOcean
NASAJPL,WHOI
NASAJPL,carbonmapper
NASAJPL,WhiteHouse
NASAJPL,POTUS
NASAJPL,USGS_AstroGeo
NASAJPL,NASAArtemis
NASAJPL,KathyLueders
NASAJPL,beck
NASAJPL,uaespaceagency
NASAJPL,HopeMarsMission
NASAJPL,AstroBehnken
NASAJPL,caltechipac
NASAJPL,NASARoman
NASAJPL,GeorgeTakei
NASAJPL,NASAPersevere
NASAJPL,NASA_es
NASAJPL,AusAntarctic
NASAJPL,NASAExpeditions
NASAJPL,NASAExoplanets
NASAJPL,NOAASatellites
NASAJPL,VirginOrbit
NASAJPL,carolynporco
NASAJPL,WomenNASA
NASAJPL,VisitPasadena
NASAJPL,PasadenaGov
NASAJPL,Space_Station
NASAJPL,NatlParkService
NASAJPL,NASAInterns
NASAJPL,OSIRISREx
NASAJPL,NASANewHorizons
NASAJPL,marquisegoodwin
NASAJPL,NASA_Supercomp
NASAJPL,NASASun
NASAJPL,SOFIAtelescope
NASAJPL,NASAspaceplace
NASAJPL,artcenteredu
NASAJPL,DLR_en
NASAJPL,nasahqphoto
NASAJPL,SLDelta30
NASAJPL,GFZ_Potsdam
NASAJPL,kaitlynsoares
NASAJPL,NASAEarth
NASAJPL,ArianaGrande
NASAJPL,ulalaunch
NASAJPL,JimBridenstine
NASAJPL,AmyShiraTeitel
NASAJPL,NASAspinoff
NASAJPL,NASAHubble
NASAJPL,NASAMoon
NASAJPL,CassiniSaturn
NASAJPL,ISS_Research
NASAJPL,NASA_Astronauts
NASAJPL,Dr_ThomasZ
NASAJPL,smrtgrls
NASAJPL,JustineBateman
NASAJPL,MontereyAq
NASAJPL,NASA_Orion
NASAJPL,NASA_SLS
NASAJPL,NASAAmes
NASAJPL,NASA_ABoVE
NASAJPL,dynamofire
NASAJPL,good
NASAJPL,NASAhistory
NASAJPL,calacademy
NASAJPL,DavaExplorer
NASAJPL,EuropaClipper
NASAJPL,cloudsasha
NASAJPL,DigitalLA
NASAJPL,NASA_Dawn
NASAJPL,NASASMAP
NASAJPL,Honeywell_Aero
NASAJPL,cnni
NASAJPL,TechCrunch
NASAJPL,astro_reid
NASAJPL,IamOCO2
NASAJPL,latimesscience
NASAJPL,MayorOfLA
NASAJPL,ESA_Rosetta
NASAJPL,WindyPlanets
NASAJPL,EllenStofan
NASAJPL,ageekmom
NASAJPL,dhsscitech
NASAJPL,reddit_AMA
NASAJPL,krsanford
NASAJPL,io9
NASAJPL,starstryder
NASAJPL,Free_Space
NASAJPL,astroengine
NASAJPL,b0yle
NASAJPL,BBCAmos
NASAJPL,AmyMainzer
NASAJPL,EricIdle
NASAJPL,KeatonStone
NASAJPL,BBCStargazing
NASAJPL,SCIOWA
NASAJPL,steltzner
NASAJPL,claratma
NASAJPL,ScottBeale
NASAJPL,finesseworlds
NASAJPL,MinorPlanetCtr
NASAJPL,SciAstro
NASAJPL,NASANuSTAR
NASAJPL,NASAInSight
NASAJPL,iamwill
NASAJPL,nasajim
NASAJPL,TwitterGov
NASAJPL,SallyRideSci
NASAJPL,SethMacFarlane
NASAJPL,AlexisKnapp
NASAJPL,bfibbs
NASAJPL,WISE_Mission
NASAJPL,Cool_Cosmos
NASAJPL,AbrahamBenrubi
NASAJPL,ClareGrant
NASAJPL,mikeshulman
NASAJPL,brian_henderson
NASAJPL,Victoria_Anne3
NASAJPL,Dentoman
NASAJPL,ThWrex
NASAJPL,mrquizzical
NASAJPL,kjphotography
NASAJPL,itsmetherealyou
NASAJPL,Benoit
NASAJPL,radio_mike
NASAJPL,pouletforsale
NASAJPL,Aussiedogmobile
NASAJPL,Lvjohn
NASAJPL,TashaVerse
NASAJPL,rindsay
NASAJPL,cahorton
NASAJPL,anne_illgen
NASAJPL,Sweetface35
NASAJPL,joshfinnagain
NASAJPL,JoeHecht
NASAJPL,gryphonmetal
NASAJPL,GomezJames
NASAJPL,Celia_C
NASAJPL,Green_Portfolio
NASAJPL,stephenqlau
NASAJPL,CarltonHawkins
NASAJPL,carlynorama
NASAJPL,neoteotihuacan
NASAJPL,ChrisShut
NASAJPL,mokolabs
NASAJPL,LendMeYourYears
NASAJPL,bzwingzero
NASAJPL,TheComedyStore
NASAJPL,priesett
NASAJPL,cyberluigi2k
NASAJPL,selucas
NASAJPL,JoeCLucas
NASAJPL,KevinABarnes
NASAJPL,stephonee
NASAJPL,isaaccarmignani
NASAJPL,ShootAManInReno
NASAJPL,whiskeynkittens
NASAJPL,aedmonds87
NASAJPL,tabridwell
NASAJPL,theresa_who
NASAJPL,robbmack
NASAJPL,DainialPadraig
NASAJPL,columbiaspace
NASAJPL,TheSuss
NASAJPL,Mr_Fastbucks
NASAJPL,yuglook
NASAJPL,mtclemente
NASAJPL,jamerz3294
NASAJPL,singingbell
NASAJPL,KevinBaird
NASAJPL,SaraFHawkins
NASAJPL,SDatLarge
NASAJPL,Capoglou
NASAJPL,SamuelCouch
NASAJPL,althrasher
NASAJPL,ct_la
NASAJPL,SkierSarah
NASAJPL,makenai
NASAJPL,JoseAstronomer
NASAJPL,BGFCentral
NASAJPL,ArizonaWildcat
NASAJPL,ProfessorKG_
NASAJPL,MiguelEscobar
NASAJPL,Makitso
NASAJPL,susankitchens
NASAJPL,ZorkFox
NASAJPL,WriterJoi
NASAJPL,continuum
NASAJPL,Stephist
NASAJPL,CourtOConnor
NASAJPL,raamdev
NASAJPL,swest
NASAJPL,cbell
NASAJPL,Joi_the_Artist
NASAJPL,carmitch
NASAJPL,HKabs9
NASAJPL,ToucanCyndee
NASAJPL,computerbugg
NASAJPL,JRScribe
NASAJPL,MrMarquezTries
NASAJPL,puck90
NASAJPL,fieldofscience
NASAJPL,AllanManangan
NASAJPL,heathermg
NASAJPL,star_geek
NASAJPL,Pillownaut
NASAJPL,astromsm
NASAJPL,HollywoodDebi
NASAJPL,todd_metcalfe
NASAJPL,rocketman528
NASAJPL,katrobison
NASAJPL,acwynn
NASAJPL,RichTPar
NASAJPL,quartzcity
NASAJPL,TweetReinhard
NASAJPL,shareastronomy
NASAJPL,white9life
NASAJPL,nprev
NASAJPL,RoamingBoomers
NASAJPL,SethGreen
NASAJPL,NASAVoyager
NASAJPL,ToryBelleci
NASAJPL,AstroIronMike
NASAJPL,Astro_Taz
NASAJPL,Astro_Box
NASAJPL,jpltweetup
NASAJPL,WHOSTP44
NASAJPL,IntrepidMuseum
NASAJPL,casciencecenter
NASAJPL,NASASocial
NASAJPL,JimCameron
NASAJPL,FIRSTweets
NASAJPL,SpaceTweeps
NASAJPL,NASA_Technology
NASAJPL,thinkgeek
NASAJPL,NASAJuno
NASAJPL,ExploreAstro
NASAJPL,nasa_eyes
NASAJPL,vcpdemmhhwjrwmv
NASAJPL,siggraph
NASAJPL,AustinSIGGRAPH
NASAJPL,BadVeins
NASAJPL,TheNasaLady
NASAJPL,AVClubVids
NASAJPL,KariByron
NASAJPL,SkyandTelescope
NASAJPL,SpitzerScope
NASAJPL,NASA_LSP
NASAJPL,ESAHerschel
NASAJPL,JAXA_en
NASAJPL,exploreplanets
NASAJPL,esaoperations
NASAJPL,Caltech
NASAJPL,TODAYshow
NASAJPL,SpaceX
NASAJPL,elakdawalla
NASAJPL,billprady
NASAJPL,neiltyson
NASAJPL,NASA_Wallops
NASAJPL,NASAStennis
NASAJPL,NASA_Marshall
NASAJPL,NASA_Johnson
NASAJPL,NASAGoddard
NASAJPL,NASAArmstrong
NASAJPL,ZeroG_MD
NASAJPL,StationCDRKelly
NASAJPL,CaptMarkKelly
NASAJPL,Astro_TJ
NASAJPL,astro_tim
NASAJPL,Astro_Sandy
NASAJPL,Astro_Ron
NASAJPL,Astro_Nicholas
NASAJPL,Astro_Jeff
NASAJPL,Astro_Cady
NASAJPL,Astro_Bones
NASAJPL,Astro_127
NASAJPL,xeni
NASAJPL,wilw
NASAJPL,Veronica
NASAJPL,BillNye
NASAJPL,TheRealNimoy
NASAJPL,TheRealStanLee
NASAJPL,skytland
NASAJPL,Space_Pete
NASAJPL,schierholz
NASAJPL,ProfBrianCox
NASAJPL,hardwick
NASAJPL,neilhimself
NASAJPL,Lori_Garver
NASAJPL,levarburton
NASAJPL,hodgman
NASAJPL,jhjones
NASAJPL,jonathancoulton
NASAJPL,grantimahara
NASAJPL,feliciaday
NASAJPL,drkiki
NASAJPL,donttrythis
NASAJPL,BrentSpiner
NASAJPL,biz
NASAJPL,bethbeck
NASAJPL,BadAstronomer
NASAJPL,SETIInstitute
NASAJPL,TEDTalks
NASAJPL,smithsonian
NASAJPL,NSF
NASAJPL,MythBusters
NASAJPL,exploratorium
NASAJPL,CERN
NASAJPL,argonne
NASAJPL,airandspace
NASAJPL,WIREDScience
NASAJPL,WIRED
NASAJPL,washingtonpost
NASAJPL,USATODAY
NASAJPL,TIME
NASAJPL,Techland
NASAJPL,symmetrymag
NASAJPL,tmro
NASAJPL,slashdot
NASAJPL,scifri
NASAJPL,ScienceNews
NASAJPL,NewsfromScience
NASAJPL,ScienceChannel
NASAJPL,science
NASAJPL,sciam
NASAJPL,ReutersScience
NASAJPL,Reuters
NASAJPL,PopSci
NASAJPL,physorg_com
NASAJPL,NYTScience
NASAJPL,nprscience
NASAJPL,NPR
NASAJPL,Newsweek
NASAJPL,newscientist
NASAJPL,Nature
NASAJPL,NatGeo
NASAJPL,NatGeoPhotos
NASAJPL,mashable
NASAJPL,marstoday
NASAJPL,HuffPost
NASAJPL,guardianscience
NASAJPL,Gizmodo
NASAJPL,engadget
NASAJPL,Fabric_of_Space
NASAJPL,DiscoverMag
NASAJPL,Discovery
NASAJPL,digg_science
NASAJPL,dailygalaxy
NASAJPL,CNETNews
NASAJPL,BoingBoing
NASAJPL,BBCWorld
NASAJPL,BBCScienceNews
NASAJPL,BBCNews
NASAJPL,arstechnica
NASAJPL,NASA_Langley
NASAJPL,Astro_Flow
NASAJPL,petershankman
NASAJPL,milesobrien
NASAJPL,NASAKennedy
NASAJPL,esa
NASAJPL,lcross_nasa
NASAJPL,Astro_Soichi
NASAJPL,Astro_Wheels
NASAJPL,glxp
NASAJPL,hootsuite
NASAJPL,PaulPineda
NASAJPL,chrisweston
NASAJPL,Astro_Naoko
NASAJPL,NASAJPL_Edu
NASAJPL,markratterman
NASAJPL,tweethouse
NASAJPL,Astro_Jose
NASAJPL,AsteroidWatch
NASAJPL,alexandracedeno
NASAJPL,LJespersen
NASAJPL,CurlGurlLA
NASAJPL,dplexico
NASAJPL,decdogg
NASAJPL,QuarkSpin
NASAJPL,TaviGreiner
NASAJPL,admford
NASAJPL,toeggi
NASAJPL,joshbohannon
NASAJPL,tr67
NASAJPL,hithah
NASAJPL,hlfx
NASAJPL,lkwdbrian
NASAJPL,ProjectShawn
NASAJPL,orionll
NASAJPL,OV_099
NASAJPL,astrospacenow
NASAJPL,SuperDonnieAdz
NASAJPL,martiansoil
NASAJPL,PatDengler
NASAJPL,AstralWalker
NASAJPL,Brooksview
NASAJPL,AZChallenger
NASAJPL,Ramya1
NASAJPL,cedavis
NASAJPL,jfradley
NASAJPL,ZAmmi
NASAJPL,jodavi23
NASAJPL,CDCemergency
NASAJPL,VeronicaMcG
NASAJPL,joshnva
NASAJPL,starbuck5250
NASAJPL,Astro_Mike
NASAJPL,PlanetQuest
NASAJPL,NASAClimate
NASAJPL,NASASolarSystem
NASAJPL,MarsPhoenix
NASAJPL,MarsCuriosity
NASAJPL,NASAMars
NASAJPL,NASA
FLOTUS45,NIH
FLOTUS45,WhiteHouse45
FLOTUS45,WhiteHouseHstry
FLOTUS45,BarackObama
FLOTUS45,VP45
FLOTUS45,SecondLady45
FLOTUS45,POTUS45
VP45,VPComDir45
VP45,Mike_Pence
VP45,LaCasaBlanca45
VP45,Cabinet45
VP45,jguaido
VP45,Scavino45
VP45,KellyannePolls
VP45,PressSec45
VP45,fema
VP45,VPPressSec45
VP45,FLOTUS45
VP45,WhiteHouse45
VP45,POTUS45
VP45,SecondLady45
DeptofDefense,ASD_IndoPacific
DeptofDefense,NAVSTA_Rota
DeptofDefense,FortBlissTexas
DeptofDefense,RamsteinAirBase
DeptofDefense,TwitterStripes
DeptofDefense,NellisAFB
DeptofDefense,WhiteHouseGPC
DeptofDefense,DepSecDef
DeptofDefense,DoD_ODEI
DeptofDefense,USSMakinIsland
DeptofDefense,SecDef
DeptofDefense,SECNAV
DeptofDefense,SecArmy
DeptofDefense,SecAFOfficial
DeptofDefense,WHCOVIDResponse
DeptofDefense,VP
DeptofDefense,FLOTUS
DeptofDefense,POTUS
DeptofDefense,WhiteHouse
DeptofDefense,JuliaGardner
DeptofDefense,EsperDoD
DeptofDefense,CAFinUS
DeptofDefense,theF35JPO
DeptofDefense,StateDeptPM
DeptofDefense,NorquistDoD
DeptofDefense,secnav76
DeptofDefense,Hurlburt_Field
DeptofDefense,AFResearchLab
DeptofDefense,ExSeaBreeze
DeptofDefense,US_SpaceCom
DeptofDefense,ARNGDirector
DeptofDefense,UKdefUS
DeptofDefense,ArmyERDC
DeptofDefense,US_CYBERCOM
DeptofDefense,15thSMA
DeptofDefense,PACOMSEL
DeptofDefense,DC3VDP
DeptofDefense,DC3Forensics
DeptofDefense,DoD_Directives
DeptofDefense,3rdmaw
DeptofDefense,Commander_RS
DeptofDefense,UN_Command
DeptofDefense,MCASMiramarCA
DeptofDefense,USAmbNATO
DeptofDefense,USASOCNews
DeptofDefense,2ABCT1AD
DeptofDefense,USAIDSavesLives
DeptofDefense,NGA_GEOINT
DeptofDefense,ARCYBER
DeptofDefense,USAndKolkata
DeptofDefense,DOD_Outreach
DeptofDefense,TwitterCreators
DeptofDefense,doddtra
DeptofDefense,verified
DeptofDefense,Area1Security
DeptofDefense,SecDef19
DeptofDefense,USCGHawaiiPac
DeptofDefense,UKagainstDaesh
DeptofDefense,DefenseOne
DeptofDefense,JointBasePHH
DeptofDefense,LosAlamosNatLab
DeptofDefense,SandiaLabs
DeptofDefense,jointbasemdl
DeptofDefense,USEmbBaghdad
DeptofDefense,NATOpress
DeptofDefense,AF_Academy
DeptofDefense,jensstoltenberg
DeptofDefense,USNavyCNO
DeptofDefense,CMC_MarineCorps
DeptofDefense,82ndABNDiv
DeptofDefense,ArmyChiefStaff
DeptofDefense,IIIMEF
DeptofDefense,AFNPacificNow
DeptofDefense,SchrieverAFB
DeptofDefense,AFW2
DeptofDefense,USAndMumbai
DeptofDefense,DefenseDigital
DeptofDefense,DIU_x
DeptofDefense,DEVCOM_SC
DeptofDefense,neiltyson
DeptofDefense,EdwardsAFB
DeptofDefense,dodpaa
DeptofDefense,TheRealCVN71
DeptofDefense,NavyLeapFrogs
DeptofDefense,OIRSpox
DeptofDefense,AFNlistens
DeptofDefense,DoD_EHR
DeptofDefense,NSAGov
DeptofDefense,TheIranDeal
DeptofDefense,AustralianArmy
DeptofDefense,AusAirForce
DeptofDefense,Australian_Navy
DeptofDefense,JY_LeDrian
DeptofDefense,USNavyResearch
DeptofDefense,USEmbTallinn
DeptofDefense,usconsmunich
DeptofDefense,usembbrussels
DeptofDefense,warriorgames
DeptofDefense,AFThunderbirds
DeptofDefense,SpokespersonMoD
DeptofDefense,USAndIndia
DeptofDefense,USAmbIndia
DeptofDefense,govsingapore
DeptofDefense,USEmbassySeoul
DeptofDefense,UKinUSA
DeptofDefense,MARSOCofficial
DeptofDefense,SurfaceWarriors
DeptofDefense,CJTFHOA
DeptofDefense,CJTFOIR
DeptofDefense,CivilAirPatrol
DeptofDefense,101stAASLTDIV
DeptofDefense,GermanyDiplo
DeptofDefense,GenDunford
DeptofDefense,mindefchile
DeptofDefense,mindefensa
DeptofDefense,USEmbassyBogota
DeptofDefense,NobelPrize
DeptofDefense,MindefPeru
DeptofDefense,UNMEER
DeptofDefense,cyber
DeptofDefense,MacDill_AFB
DeptofDefense,usingeo
DeptofDefense,NATOsummits
DeptofDefense,AFNtelevision
DeptofDefense,mccsCP
DeptofDefense,DeptDefence
DeptofDefense,AmbStephens
DeptofDefense,GettySport
DeptofDefense,TheRealAC3
DeptofDefense,PetrCech
DeptofDefense,DoDNews
DeptofDefense,PacificForum
DeptofDefense,CDF_Aust
DeptofDefense,librarycongress
DeptofDefense,CIA
DeptofDefense,IISS_org
DeptofDefense,DefenceHQ
DeptofDefense,AtlanticCouncil
DeptofDefense,INGuardsman
DeptofDefense,NCNationalGuard
DeptofDefense,wyoguard
DeptofDefense,USGAO
DeptofDefense,SCNationalGuard
DeptofDefense,NJNationalGuard
DeptofDefense,CTNationalGuard
DeptofDefense,KansasGuard
DeptofDefense,MNNationalGuard
DeptofDefense,NationalGuardNY
DeptofDefense,WANationalGuard
DeptofDefense,hqSDDC
DeptofDefense,EngageState
DeptofDefense,ASEAN
DeptofDefense,USParalympics
DeptofDefense,USEmbassyCyprus
DeptofDefense,NationalGuard
DeptofDefense,USEmbassyWarsaw
DeptofDefense,usembassynz
DeptofDefense,StateDeptLive
DeptofDefense,USSOCOM
DeptofDefense,NAVSEA
DeptofDefense,CDCGlobal
DeptofDefense,AllHandsMag
DeptofDefense,DoDMilSpouse
DeptofDefense,USNavyEurope
DeptofDefense,RonaldReagan
DeptofDefense,RedWhiteBlueDot
DeptofDefense,USEmbassyPH
DeptofDefense,USMission2ASEAN
DeptofDefense,NOAA
DeptofDefense,noaaocean
DeptofDefense,USNATO
DeptofDefense,ArmyMedicine
DeptofDefense,NSF
DeptofDefense,newscientist
DeptofDefense,smithsonian
DeptofDefense,NPS_Monterey
DeptofDefense,SASCGOP
DeptofDefense,afterdeployment
DeptofDefense,MilKidsConnect
DeptofDefense,marineband
DeptofDefense,afneurope
DeptofDefense,usnavyband
DeptofDefense,FirstArmy
DeptofDefense,USATODAY
DeptofDefense,USARPAC
DeptofDefense,NavyFederal
DeptofDefense,ForeignPressCtr
DeptofDefense,1stCavalryDiv
DeptofDefense,USArmyReserve
DeptofDefense,ArmyGK
DeptofDefense,USAF_ACC
DeptofDefense,ChallengeGov
DeptofDefense,ODNI_NIC
DeptofDefense,AFSpecOpsCmd
DeptofDefense,ODNIgov
DeptofDefense,EUintheUS
DeptofDefense,AirMobilityCmd
DeptofDefense,AirmanMagazine
DeptofDefense,EPA
DeptofDefense,stennis74
DeptofDefense,NavalInstitute
DeptofDefense,USNHistory
DeptofDefense,navy_reserve
DeptofDefense,norfolkdistrict
DeptofDefense,USArmyNorth
DeptofDefense,PittsburghUSACE
DeptofDefense,europedistrict
DeptofDefense,LTGDingle
DeptofDefense,LukeAFB
DeptofDefense,YouTube
DeptofDefense,SheppardAFB
DeptofDefense,AETCommand
DeptofDefense,USAFCENT
DeptofDefense,Andrews_JBA
DeptofDefense,BlueAngels
DeptofDefense,SecArmyPAO
DeptofDefense,UnderSecArmy
DeptofDefense,NDU_EDU
DeptofDefense,Georgetown
DeptofDefense,DoDCTO
DeptofDefense,USOPM
DeptofDefense,CFC
DeptofDefense,USTreasury
DeptofDefense,WRBethesda
DeptofDefense,FtMeadeMD
DeptofDefense,USEmbassyKabul
DeptofDefense,JBMHH
DeptofDefense,USEmbRu
DeptofDefense,usedgov
DeptofDefense,Southcom
DeptofDefense,Disabilitygov
DeptofDefense,AmericasNavy
DeptofDefense,chinfo
DeptofDefense,CNASdc
DeptofDefense,AlecJRoss
DeptofDefense,US5thFleet
DeptofDefense,TeamUSA
DeptofDefense,Olympics
DeptofDefense,DefenseIntel
DeptofDefense,USArmyEURAF
DeptofDefense,FortRiley
DeptofDefense,USDA
DeptofDefense,Readygov
DeptofDefense,USDOL
DeptofDefense,USIP
DeptofDefense,CommerceGov
DeptofDefense,FortCampbell
DeptofDefense,FisherHouseFdtn
DeptofDefense,WestPoint_USMA
DeptofDefense,USUN
DeptofDefense,USGS
DeptofDefense,TweetDeck
DeptofDefense,MarForRes
DeptofDefense,nationaljournal
DeptofDefense,USAFMedicine
DeptofDefense,philewing
DeptofDefense,adamentous
DeptofDefense,yochidreazen
DeptofDefense,ckubeNBC
DeptofDefense,MarcusReports
DeptofDefense,phildstewart
DeptofDefense,PostMilitary
DeptofDefense,JoeRTabet
DeptofDefense,jimbourg
DeptofDefense,BillGertz
DeptofDefense,JeffSchogol
DeptofDefense,agearan
DeptofDefense,MikeEmanuelFox
DeptofDefense,clawrenceDFW
DeptofDefense,BryanDBender
DeptofDefense,missy_ryan
DeptofDefense,komonewsradio
DeptofDefense,LeoShane
DeptofDefense,BFriedmanDC
DeptofDefense,KimDozier
DeptofDefense,FedsHireVets
DeptofDefense,ESGR
DeptofDefense,DASD_RA
DeptofDefense,DoD_IG
DeptofDefense,ChiefNGB
DeptofDefense,TwitterGov
DeptofDefense,TSA
DeptofDefense,TheJusticeDept
DeptofDefense,Interior
DeptofDefense,SEAC_Troxell
DeptofDefense,USACEHQ
DeptofDefense,MilitaryTimes
DeptofDefense,ACapaccio
DeptofDefense,jakesNYT
DeptofDefense,robertburnsAP
DeptofDefense,USNRL
DeptofDefense,nohodge
DeptofDefense,CNN
DeptofDefense,TKOHUNGER
DeptofDefense,USDISA
DeptofDefense,PentagonPresSec
DeptofDefense,CDCgov
DeptofDefense,USArmyOldGuard
DeptofDefense,adage
DeptofDefense,Twitter
DeptofDefense,USChamber
DeptofDefense,HQUSAFEAFAF
DeptofDefense,DoDNatRes
DeptofDefense,WarriorCare
DeptofDefense,NatlParkService
DeptofDefense,MilitaryBlood
DeptofDefense,FVAP
DeptofDefense,flynavy
DeptofDefense,politico
DeptofDefense,SecretService
DeptofDefense,NATO
DeptofDefense,armyARCP
DeptofDefense,Goldman44
DeptofDefense,PFPAOfficial
DeptofDefense,USPacificFleet
DeptofDefense,maddow
DeptofDefense,camp_lejeune
DeptofDefense,HISTORY
DeptofDefense,YourCommissary
DeptofDefense,US7thFleet
DeptofDefense,SHAPE_NATO
DeptofDefense,stavridisj
DeptofDefense,Daniel_Inouye
DeptofDefense,SenatorHarkin
DeptofDefense,FoxNews
DeptofDefense,UN
DeptofDefense,ENERGY
DeptofDefense,AmbassadorRoos
DeptofDefense,ArlingtonNatl
DeptofDefense,BBCBreaking
DeptofDefense,GabbyGiffords
DeptofDefense,AndersFoghR
DeptofDefense,USAfricaCommand
DeptofDefense,julianbarnes
DeptofDefense,USArmyOnTheGo
DeptofDefense,USNavy
DeptofDefense,defensetweets
DeptofDefense,VANatCemeteries
DeptofDefense,VAVetBenefits
DeptofDefense,USNationalGuard
DeptofDefense,USSConstitution
DeptofDefense,IkeSkelton
DeptofDefense,USWomenVeterans
DeptofDefense,VeteransHealth
DeptofDefense,Hope4Warriors
DeptofDefense,us_navyseals
DeptofDefense,Digital_Gov
DeptofDefense,GuardMagazine
DeptofDefense,CaptMarkKelly
DeptofDefense,DoDEA
DeptofDefense,SenatorBarb
DeptofDefense,RepTomGraves
DeptofDefense,WIRED
DeptofDefense,SpeakerBoehner
DeptofDefense,HouseDemocrats
DeptofDefense,USAFReserve
DeptofDefense,AirmanMagazine1
DeptofDefense,VA_OEF_OIF
DeptofDefense,iava
DeptofDefense,PACAF
DeptofDefense,the_USO
DeptofDefense,PetsforPatriots
DeptofDefense,APStylebook
DeptofDefense,cnnbrk
DeptofDefense,NoradSanta
DeptofDefense,DLAMIL
DeptofDefense,SpaceForceDoD
DeptofDefense,OrrinHatch
DeptofDefense,JohnKerry
DeptofDefense,SenGillibrand
DeptofDefense,SenJeffMerkley
DeptofDefense,SenatorMenendez
DeptofDefense,MarkUdall
DeptofDefense,MarkWarner
DeptofDefense,SenSanders
DeptofDefense,repsandylevin
DeptofDefense,SenBobCorker
DeptofDefense,SenatorReid
DeptofDefense,TheLugarCenter
DeptofDefense,SenatorCollins
DeptofDefense,TEDTalks
DeptofDefense,DODASSMC
DeptofDefense,AirForceNYC
DeptofDefense,US_TRANSCOM
DeptofDefense,DAVHQ
DeptofDefense,SenJohnMcCain
DeptofDefense,DefenseBaron
DeptofDefense,FamilyMWR
DeptofDefense,SenateFloor
DeptofDefense,thejointstaff
DeptofDefense,USCG
DeptofDefense,PHCOE
DeptofDefense,DVIDSHub
DeptofDefense,FBI
DeptofDefense,1stArmoredDiv
DeptofDefense,DeptVetAffairs
DeptofDefense,TRADOC
DeptofDefense,SETAF_Africa
DeptofDefense,DARPA
DeptofDefense,washingtonpost
DeptofDefense,MilitaryOfficer
DeptofDefense,barbarastarrcnn
DeptofDefense,usarmy_devcom
DeptofDefense,DEVCOM_C5ISR
DeptofDefense,MilitaryHealth
DeptofDefense,USFOR_A
DeptofDefense,uscensusbureau
DeptofDefense,LMartinezABC
DeptofDefense,CENTCOM
DeptofDefense,DMDC
DeptofDefense,US_Stratcom
DeptofDefense,HHSGov
DeptofDefense,unfoundation
DeptofDefense,NatSecCNN
DeptofDefense,usairforce
DeptofDefense,USAID
DeptofDefense,NavyMedicine
DeptofDefense,TravelGov
DeptofDefense,USNSComfort
DeptofDefense,FORSCOM
DeptofDefense,LesBenito
DeptofDefense,GovLoop
DeptofDefense,SpiritAmerica
DeptofDefense,10DowningStreet
DeptofDefense,NationalDefense
DeptofDefense,TAPSorg
DeptofDefense,RedCross
DeptofDefense,IA_Forum
DeptofDefense,StateDept
DeptofDefense,BenefitsGOV
DeptofDefense,USAGov
DeptofDefense,CBP
DeptofDefense,ONDCP44
DeptofDefense,fema
DeptofDefense,NASA
DeptofDefense,uscoastguard
DeptofDefense,NavalWarCollege
DeptofDefense,defense_news
DeptofDefense,starsandstripes
DeptofDefense,Nextgov
DeptofDefense,Martin_Dempsey
DeptofDefense,usaghawaii
DeptofDefense,NDNationalGuard
DeptofDefense,AmericanLegion
DeptofDefense,USMC
DeptofDefense,TRICARE
DeptofDefense,Missouri_NG
DeptofDefense,DHSgov
DeptofDefense,WhiteHouse45
DeptofDefense,DOD_JCOC
DeptofDefense,ArmyMateriel
DeptofDefense,marianneoliva
DeptofDefense,MDW_USARMY
DeptofDefense,US_EUCOM
DeptofDefense,USNorthernCmd
DeptofDefense,INDOPACOM
DeptofDefense,realwarriors
DeptofDefense,Military1Source
DeptofDefense,ArmedwScience
DeptofDefense,USArmy
NatGeoTravel,dcjnell
NatGeoTravel,star_lightw
NatGeoTravel,Indira_L
NatGeoTravel,indyfromspace
NatGeoTravel,FreshOffTheGrid
NatGeoTravel,neilhimself
NatGeoTravel,LaneNieset
NatGeoTravel,AppleNewsUK
NatGeoTravel,visitsandiego
NatGeoTravel,scottsflights
NatGeoTravel,francisdotjpg
NatGeoTravel,GilbertLiz
NatGeoTravel,janinekrippner
NatGeoTravel,borisvvz
NatGeoTravel,ynpforever
NatGeoTravel,Couchsurfing
NatGeoTravel,ThatHannahAlper
NatGeoTravel,jackjohnson
NatGeoTravel,JoshuaTreeNPS
NatGeoTravel,SaguaroNPS
NatGeoTravel,mbmcandrews
NatGeoTravel,OpenWideTheWrld
NatGeoTravel,pacificdan
NatGeoTravel,hannahreyphoto
NatGeoTravel,DenaliNPS
NatGeoTravel,CanyonlandsNPS
NatGeoTravel,GlacierNPS
NatGeoTravel,GrandTetonNPS
NatGeoTravel,YellowstoneNPS
NatGeoTravel,LassenNPS
NatGeoTravel,TheMERL
NatGeoTravel,heartmybackpack
NatGeoTravel,carleyscamera
NatGeoTravel,suitcasenall
NatGeoTravel,twodriftersxo
NatGeoTravel,acfisher
NatGeoTravel,TravelQuandary
NatGeoTravel,roamingcurator
NatGeoTravel,lucydodsworth
NatGeoTravel,TheTravelBunny
NatGeoTravel,TravelWithKat
NatGeoTravel,Heathercowper
NatGeoTravel,roamaroo
NatGeoTravel,KirstenAlana
NatGeoTravel,TravisBPhoto
NatGeoTravel,lucylaucht
NatGeoTravel,sobeautifulhere
NatGeoTravel,Gypsea_lust
NatGeoTravel,darth
NatGeoTravel,VisitBritain
NatGeoTravel,legalnomads
NatGeoTravel,VolvoCarUSA
NatGeoTravel,TheMirnavator
NatGeoTravel,VisitCA
NatGeoTravel,prisstail
NatGeoTravel,arebeewrites
NatGeoTravel,USFWS
NatGeoTravel,laurajoparker
NatGeoTravel,TouringTastebud
NatGeoTravel,USFWSSoutheast
NatGeoTravel,BlueZones
NatGeoTravel,MauroMorandi8
NatGeoTravel,dangerjr
NatGeoTravel,TheMobMuseum
NatGeoTravel,ExpScottsdale
NatGeoTravel,GoToIrelandUS
NatGeoTravel,KellyAlysia
NatGeoTravel,NationalTrustNI
NatGeoTravel,SurfnSunshine
NatGeoTravel,earthXplorer
NatGeoTravel,mappingmegan
NatGeoTravel,MrScottEddy
NatGeoTravel,MalloryOnTravel
NatGeoTravel,theplanetd
NatGeoTravel,TravelDudes
NatGeoTravel,luxurytravel
NatGeoTravel,LouisianaTravel
NatGeoTravel,HoneyTrek
NatGeoTravel,NungshiTashi
NatGeoTravel,EdinaMueller07
NatGeoTravel,JoJoWright
NatGeoTravel,STI_travel
NatGeoTravel,VisitMex
NatGeoTravel,staralliance
NatGeoTravel,nickytrup
NatGeoTravel,BrianCDickinson
NatGeoTravel,bigboldreds
NatGeoTravel,WIRED
NatGeoTravel,NASA
NatGeoTravel,TNVacation
NatGeoTravel,Intrepid_Travel
NatGeoTravel,BryceDHoward
NatGeoTravel,UNICEF
NatGeoTravel,tapirofoto
NatGeoTravel,PureNewZealand
NatGeoTravel,MOTA_Jordan
NatGeoTravel,Petzl
NatGeoTravel,nalgene
NatGeoTravel,BudgetTravel
NatGeoTravel,SmarterTravel
NatGeoTravel,NBCNewsTech
NatGeoTravel,usatodaytravel
NatGeoTravel,travel
NatGeoTravel,USFWSMtnPrairie
NatGeoTravel,boderek
NatGeoTravel,VisitNH
NatGeoTravel,ExploreCanada
NatGeoTravel,Frommers
NatGeoTravel,MarieMcG23
NatGeoTravel,AppleNews
NatGeoTravel,gulnazkhan
NatGeoTravel,Spotify
NatGeoTravel,CaseFoundation
NatGeoTravel,jack
NatGeoTravel,SteveCase
NatGeoTravel,jeancase
NatGeoTravel,mekd
NatGeoTravel,dguttenfelder
NatGeoTravel,tim_cook
NatGeoTravel,Eric_Weiner
NatGeoTravel,CBSMornings
NatGeoTravel,altonbrown
NatGeoTravel,kellanlutz
NatGeoTravel,patrickwitty
NatGeoTravel,bhphoto
NatGeoTravel,timestravel
NatGeoTravel,GoogleTravel
NatGeoTravel,BBC_Travel
NatGeoTravel,REI
NatGeoTravel,Discovery
NatGeoTravel,BertieGPhoto
NatGeoTravel,donovan_ronan
NatGeoTravel,erinsblock
NatGeoTravel,mickeyrapkin
NatGeoTravel,NationalParkFdn
NatGeoTravel,vonbremzen
NatGeoTravel,iStefPayne
NatGeoTravel,NatlParkService
NatGeoTravel,jde123
NatGeoTravel,swfoto
NatGeoTravel,blakeshelton
NatGeoTravel,aepetri16
NatGeoTravel,fodorstravel
NatGeoTravel,TravelMagazine
NatGeoTravel,RoadsKingdoms
NatGeoTravel,TouringClub
NatGeoTravel,NGIpejalanbijak
NatGeoTravel,NGTIndia
NatGeoTravel,caitygarvs
NatGeoTravel,brucepoontip
NatGeoTravel,NatGeoFood
NatGeoTravel,ChurchillWild
NatGeoTravel,fregateisland
NatGeoTravel,satw
NatGeoTravel,gadventures
NatGeoTravel,travelerstone
NatGeoTravel,kaityarnall
NatGeoTravel,jmm
NatGeoTravel,okaysteve
NatGeoTravel,TravelWeeklyUS
NatGeoTravel,CarolEnquist
NatGeoTravel,CherylStrayed
NatGeoTravel,johnmfrancis
NatGeoTravel,LandLopers
NatGeoTravel,LeeRberger
NatGeoTravel,amanda_polli
NatGeoTravel,Paul_Rose
NatGeoTravel,bchesky
NatGeoTravel,shahselbe
NatGeoTravel,Kate_Coughlin
NatGeoTravel,NPCA
NatGeoTravel,CeBednarz
NatGeoTravel,MSullygal
NatGeoTravel,cdellamore
NatGeoTravel,NatGeoEducation
NatGeoTravel,georgesteinmetz
NatGeoTravel,LindbladExp
NatGeoTravel,hellobucci
NatGeoTravel,tipsymonk
NatGeoTravel,JustinJONeill
NatGeoTravel,NatGeoExplorers
NatGeoTravel,FordCochran
NatGeoTravel,jeffhert59
NatGeoTravel,JeffreyLKatz
NatGeoTravel,jimkchin
NatGeoTravel,spottedbylocals
NatGeoTravel,GuardianTravel
NatGeoTravel,h_sheinberg
NatGeoTravel,travelocity
NatGeoTravel,HuffPostTravel
NatGeoTravel,latimestravel
NatGeoTravel,cntraveller
NatGeoTravel,AP_Travel
NatGeoTravel,CNNTravel
NatGeoTravel,USNewsTravel
NatGeoTravel,travelchannel
NatGeoTravel,TravelGov
NatGeoTravel,nytimestravel
NatGeoTravel,TravelLeisure
NatGeoTravel,lonelyplanet
NatGeoTravel,CNTraveler
NatGeoTravel,KAYAK
NatGeoTravel,Expedia
NatGeoTravel,AnnTran_
NatGeoTravel,NMNH
NatGeoTravel,etspencer
NatGeoTravel,USTravel
NatGeoTravel,Orbitz
NatGeoTravel,JMTornatore
NatGeoTravel,HeatherLBrady
NatGeoTravel,HenleyVQ
NatGeoTravel,cottonkeenpress
NatGeoTravel,JCreatureTravel
NatGeoTravel,candacerardon
NatGeoTravel,Tripadvisor
NatGeoTravel,BrandUSA
NatGeoTravel,jopiazza
NatGeoTravel,laurabegley
NatGeoTravel,Interior
NatGeoTravel,Amivee
NatGeoTravel,ShannonOceans
NatGeoTravel,WSJ
NatGeoTravel,MediaDec
NatGeoTravel,dereckbeverly
NatGeoTravel,jackie_barney
NatGeoTravel,coryrichardsNG
NatGeoTravel,sbasijrasikh
NatGeoTravel,Gadling
NatGeoTravel,strobist
NatGeoTravel,Beckylane123
NatGeoTravel,joelsartore
NatGeoTravel,UNESCO
NatGeoTravel,Airbnb
NatGeoTravel,MikeTheiss
NatGeoTravel,jeffmauritzen
NatGeoTravel,socialpyramid
NatGeoTravel,RnfrstAlliance
NatGeoTravel,susanbgoldberg
NatGeoTravel,holeinthedonut
NatGeoTravel,clifftonight
NatGeoTravel,jonathanrirish
NatGeoTravel,_jenshook
NatGeoTravel,passion_4travel
NatGeoTravel,anniefitz
NatGeoTravel,susanseubert
NatGeoTravel,DinoMavro
NatGeoTravel,NatGeoBooks
NatGeoTravel,JaredGottlieb
NatGeoTravel,amandawaas
NatGeoTravel,Disney
NatGeoTravel,ByHeatherGD
NatGeoTravel,ngadventure
NatGeoTravel,united
NatGeoTravel,cycle_connect
NatGeoTravel,mollyvburke
NatGeoTravel,TraceyFriley
NatGeoTravel,AwrightPhoto
NatGeoTravel,ShannonRTW
NatGeoTravel,JCampbell10
NatGeoTravel,photogpedro
NatGeoTravel,MeganHWeiler
NatGeoTravel,Breathedreamgo
NatGeoTravel,CostasChrist
NatGeoTravel,garyknell
NatGeoTravel,bhubf
NatGeoTravel,tyler_metcalfe
NatGeoTravel,DanEnRoute
NatGeoTravel,reidontravel
NatGeoTravel,leslietrew
NatGeoTravel,debbiemillman
NatGeoTravel,ZipSetGo
NatGeoTravel,dwestergren
NatGeoTravel,CuriousTraveler
NatGeoTravel,natgeoau
NatGeoTravel,NatGeoMagITA
NatGeoTravel,NatGeo_Asia
NatGeoTravel,natgeomundo
NatGeoTravel,AndreaLeitch
NatGeoTravel,WyattTweets
NatGeoTravel,JimRichardsonNG
NatGeoTravel,CuriousMegW
NatGeoTravel,Daisann_McLane
NatGeoTravel,JeannetteKimmel
NatGeoTravel,wallacescott
NatGeoTravel,AndrewTMcCarthy
NatGeoTravel,NGTUK_ArtEditor
NatGeoTravel,MrsBlondeAlmond
NatGeoTravel,patriddell
NatGeoTravel,ViajesNG
NatGeoTravel,NGTravellerSA
NatGeoTravel,NatGeoTravelNL
NatGeoTravel,NGTravelerLatin
NatGeoTravel,FoxNewsTravel
NatGeoTravel,kgartrell
NatGeoTravel,Enric_Sala
NatGeoTravel,lmbrock
NatGeoTravel,NGKids
NatGeoTravel,authorwadedavis
NatGeoTravel,DashMasland
NatGeoTravel,NatGeoTravelUK
NatGeoTravel,Grizanderson
NatGeoTravel,NatGeoUK
NatGeoTravel,NatGeoStore
NatGeoTravel,girlsgetaway
NatGeoTravel,lunaticcarl
NatGeoTravel,EverywhereTrip
NatGeoTravel,NGKidsBks
NatGeoTravel,atlasobscura
NatGeoTravel,GoApril
NatGeoTravel,MatadorNetwork
NatGeoTravel,MatadorCreators
NatGeoTravel,natgeowild
NatGeoTravel,NatGeoTV
NatGeoTravel,sarahpolger
NatGeoTravel,NatGeoPR
NatGeoTravel,carolynpfox
NatGeoTravel,NatGeoPhotos
NatGeoTravel,NatGeoLive
NatGeoTravel,WheresAndrew
NatGeoTravel,KristaRossow
NatGeoTravel,NatGeoScience
NatGeoTravel,geotourism
NatGeoTravel,elliottdotorg
NatGeoTravel,Bus2Antarctica
NatGeoTravel,NatGeoMuseum
NatGeoTravel,NatGeoMag
NatGeoTravel,don_george
NatGeoTravel,NatGeo
NatGeoTravel,andrewnelson
NatGeoTravel,KeithBellows
NatGeoTravel,Marilyn_Res
NatGeoTravel,amytravels
NatGeoTravel,NorieCicerone
NatGeoPhotos,RobertIger
NatGeoPhotos,NatGeoScience
NatGeoPhotos,CarltonWard
NatGeoPhotos,MagnusWennman
NatGeoPhotos,FlorianGSchulz
NatGeoPhotos,MartinEdstrom
NatGeoPhotos,Gillianlaub
NatGeoPhotos,hannahreyphoto
NatGeoPhotos,mishkusk
NatGeoPhotos,arrejuan
NatGeoPhotos,simoncroberts
NatGeoPhotos,TasneemN
NatGeoPhotos,anastasiatl
NatGeoPhotos,Enric_Sala
NatGeoPhotos,joeriis
NatGeoPhotos,MeridithKohut
NatGeoPhotos,photobracken
NatGeoPhotos,Jonasbendiksen
NatGeoPhotos,chancellordavid
NatGeoPhotos,BertieGPhoto
NatGeoPhotos,NoraLorek
NatGeoPhotos,Muheisen81
NatGeoPhotos,Andy_Bardon
NatGeoPhotos,KatieOrlinsky
NatGeoPhotos,cmittermeier
NatGeoPhotos,jennifer_hayes1
NatGeoPhotos,Newshaphoto
NatGeoPhotos,adamjdean
NatGeoPhotos,Wayne_Photo
NatGeoPhotos,ruddyroye
NatGeoPhotos,vincentjmusi
NatGeoPhotos,swilkesphoto
NatGeoPhotos,AFergusonStudio
NatGeoPhotos,lucafoto
NatGeoPhotos,dominicbracco
NatGeoPhotos,Cobbing
NatGeoPhotos,coreyfishes
NatGeoPhotos,JTKerby
NatGeoPhotos,mcbphotos
NatGeoPhotos,aaronhuey
NatGeoPhotos,shonephoto
NatGeoPhotos,rena_effendi
NatGeoPhotos,rolsonphoto
NatGeoPhotos,MattMoyerPhoto
NatGeoPhotos,abruce_noor
NatGeoPhotos,pkmuller
NatGeoPhotos,CirilJazbec
NatGeoPhotos,mattiasklum
NatGeoPhotos,RobinNHammond
NatGeoPhotos,tyronefoto
NatGeoPhotos,renan_ozturk
NatGeoPhotos,keithladzinski
NatGeoPhotos,Brian_Skerry
NatGeoPhotos,photogpedro
NatGeoPhotos,IraPhoto
NatGeoPhotos,georgesteinmetz
NatGeoPhotos,cookjenshel
NatGeoPhotos,paleyphoto
NatGeoPhotos,michaelmelford
NatGeoPhotos,mkfarlow
NatGeoPhotos,YamashitaPhoto
NatGeoPhotos,jeffheimsath
NatGeoPhotos,jehanjillani
NatGeoPhotos,AdrianCoakley
NatGeoPhotos,DominiqueAnneH
NatGeoPhotos,JamesWellford
NatGeoPhotos,pritheeva
NatGeoPhotos,juliemhau
NatGeoPhotos,kurt_mutchler
NatGeoPhotos,mollyargh
NatGeoPhotos,womenphotograph
NatGeoPhotos,DiversifyPhoto
NatGeoPhotos,lensculture
NatGeoPhotos,ICPhotog
NatGeoPhotos,MagnumPhotos
NatGeoPhotos,ShorterCR
NatGeoPhotos,kemcnicholas
NatGeoPhotos,RobertClarkFoto
NatGeoPhotos,mallorybenedict
NatGeoPhotos,tompeschak
NatGeoPhotos,coryrichardsNG
NatGeoPhotos,susanbgoldberg
NatGeoPhotos,AmyToensing
NatGeoPhotos,chamiltonjames
NatGeoPhotos,MelodyRowell
NatGeoPhotos,vaughnwallace
NatGeoPhotos,sleen3
NatGeoPhotos,JohnStanmeyer
NatGeoPhotos,themattadams
NatGeoPhotos,MarieMcG23
NatGeoPhotos,tipsymonk
NatGeoPhotos,marcusbleasdale
NatGeoPhotos,garyknell
NatGeoPhotos,dguttenfelder
NatGeoPhotos,swfoto
NatGeoPhotos,PaulNicklen
NatGeoPhotos,jeannemodd
NatGeoPhotos,kengeiger
NatGeoPhotos,olivierclaurent
NatGeoPhotos,NatGeoLive
NatGeoPhotos,NatGeoTravel
NatGeoPhotos,sarahpolger
NatGeoPhotos,stephsinclair
NatGeoPhotos,LantingFrans
NatGeoPhotos,ngadventure
NatGeoPhotos,NatGeoEducation
NatGeoPhotos,NatGeoMag
NatGeoPhotos,alexakeefe
NatGeoPhotos,NatGeoMuseum
NatGeoPhotos,TomasVH
NatGeoPhotos,NatGeoStore
NatGeoPhotos,lynseyaddario
NatGeoPhotos,NatGeoPR
NatGeoPhotos,ChrisHondros
NatGeoPhotos,JamesEstrin
NatGeoPhotos,1854
NatGeoPhotos,CollegePhotog
NatGeoPhotos,aphotoeditor
NatGeoPhotos,PeteSouza44
NatGeoPhotos,Amivee
NatGeoPhotos,GerdLudwig
NatGeoPhotos,edkashi
NatGeoPhotos,davidalanharvey
NatGeoPhotos,jimkchin
NatGeoPhotos,jimbrandenburg
NatGeoPhotos,NatGeo
NatGeoPhotos,Carsten_Peter
NatGeoPhotos,alvarezphoto
NatGeoPhotos,JimRichardsonNG
NatGeoPhotos,joelsartore
NASAPersevere,SDDiscoveryCent
NASAPersevere,ECOEXPLORATORIO
NASAPersevere,DiscoveryCenter
NASAPersevere,FrontofFlight
NASAPersevere,CradleAviation
NASAPersevere,columbiaspace
NASAPersevere,ClarkPlanet
NASAPersevere,AdlerPlanet
NASAPersevere,IntrepidMuseum
NASAPersevere,exploratorium
NASAPersevere,airandspace
NASAPersevere,museumofflight
NASAPersevere,OctaviaEButler
NASAPersevere,WhiteHouse
NASAPersevere,POTUS
NASAPersevere,flyLAXairport
NASAPersevere,EmpireStateBldg
NASAPersevere,NASAAstrobio
NASAPersevere,HUBBLE_space
NASAPersevere,NASASolarSystem
NASAPersevere,esa
NASAPersevere,NASA_Technology
NASAPersevere,NASAMars
NASAPersevere,GregoryPorter
NASAPersevere,HopeMarsMission
NASAPersevere,NASA_Wallops
NASAPersevere,verified
NASAPersevere,NASA360
NASAPersevere,NASAIVV
NASAPersevere,CanberraDSN
NASAPersevere,NASA_Marshall
NASAPersevere,NASAExoplanets
NASAPersevere,NASASun
NASAPersevere,NASAGoddard
NASAPersevere,WomenNASA
NASAPersevere,NASA_Orion
NASAPersevere,NASAhistory
NASAPersevere,NASAEarth
NASAPersevere,NASAArtemis
NASAPersevere,NASASCaN
NASAPersevere,CNES
NASAPersevere,BobbyBraun
NASAPersevere,Caltech
NASAPersevere,NASAHubble
NASAPersevere,NASANewHorizons
NASAPersevere,OSIRISREx
NASAPersevere,HiRISE
NASAPersevere,MAVEN2Mars
NASAPersevere,NASAJuno
NASAPersevere,NASAVoyager
NASAPersevere,CassiniSaturn
NASAPersevere,NASAJPL
NASAPersevere,NASAInSight
NASAPersevere,JimBridenstine
NASAPersevere,Dr_ThomasZ
NASAPersevere,MarsCuriosity
NASAPersevere,NASA
PressSec45,ChadGilmartinCA
PressSec45,lyndeedrose
PressSec45,Franklin_Graham
PressSec45,KatiePavlich
PressSec45,MaryMargOlohan
PressSec45,PeterHoffman45
PressSec45,JaRonSmith45
PressSec45,TiffanyATrump
PressSec45,macaulayporter
PressSec45,NicoleFrazier45
PressSec45,ScottTurner45
PressSec45,WhiteHouseCEA45
PressSec45,markpmeredith
PressSec45,AliceMarieFree
PressSec45,KLeavitt45
PressSec45,HWFields45
PressSec45,jalen_drummond
PressSec45,SarahMatthews45
PressSec45,BMorgenstern45
PressSec45,DougHoelscher45
PressSec45,CBPMarkMorgan
PressSec45,tedcruz
PressSec45,RandPaul
PressSec45,aviberkow45
PressSec45,DHS_Wolf
PressSec45,JonathanTurley
PressSec45,robcrilly
PressSec45,WHRpdResponse45
PressSec45,NikkiHaley
PressSec45,TheLeoTerrell
PressSec45,PhilipWegmann
PressSec45,susancrabtree
PressSec45,dcexaminer
PressSec45,joelpollak
PressSec45,RealSaavedra
PressSec45,CBS_Herridge
PressSec45,_WilliamsonBen
PressSec45,KristinFisher
PressSec45,EliseStefanik
PressSec45,CurtisHouck
PressSec45,marklevinshow
PressSec45,dbongino
PressSec45,ChanelRion
PressSec45,Alyssafarah
PressSec45,KerriKupecDOJ
PressSec45,BenKennedyTV
PressSec45,theMRC
PressSec45,newsbusters
PressSec45,BrentBozell
PressSec45,BaxterMurrell
PressSec45,daveweigel
PressSec45,markknoller
PressSec45,MZHemingway
PressSec45,HowardKurtz
PressSec45,MediaBuzzFNC
PressSec45,JennaEllisEsq
PressSec45,MarkMeadows
PressSec45,Jim_Jordan
PressSec45,RepDLesko
PressSec45,SquawkCNBC
PressSec45,FOX29philly
PressSec45,ericbolling
PressSec45,BillOReilly
PressSec45,SenTomCotton
PressSec45,RoyalFamily
PressSec45,usembassytokyo
PressSec45,johnnydestefano
PressSec45,jt_radford
PressSec45,RepMattGaetz
PressSec45,mattgaetz
PressSec45,TommyHicksGOP
PressSec45,VanJones68
PressSec45,GOPChairwoman
PressSec45,jabinbotsford
PressSec45,Pablo3names
PressSec45,johnrich
PressSec45,UnplannedMovie
PressSec45,TedLeonsis
PressSec45,USAmbNZ
PressSec45,SenScottBrown
PressSec45,bethreinhard
PressSec45,jamesoliphant
PressSec45,jeffzeleny
PressSec45,StateSPEHA
PressSec45,Santucci
PressSec45,SaraCarterDC
PressSec45,marcthiessen
PressSec45,ChrisCuomo
PressSec45,JesseBWatters
PressSec45,LindseyGrahamSC
PressSec45,JudgeJeanine
PressSec45,whca
PressSec45,DailyCaller
PressSec45,bennyjohnson
PressSec45,okayhenderson
PressSec45,brianneDMR
PressSec45,DanScavino
PressSec45,LaraLeaTrump
PressSec45,HerschelWalker
PressSec45,CraigCaplan
PressSec45,RealCandaceO
PressSec45,NOAA
PressSec45,weatherchannel
PressSec45,NHC_Atlantic
PressSec45,NWS
PressSec45,GMA
PressSec45,EmmanuelMacron
PressSec45,10DowningStreet
PressSec45,MariaBartiromo
PressSec45,ArlingtonNatl
PressSec45,TheSlyStallone
PressSec45,RobLowe
PressSec45,finnygo
PressSec45,GStephanopoulos
PressSec45,SecPompeo
PressSec45,RichardGrenell
PressSec45,MrT
PressSec45,AbeShinzo
PressSec45,JonScottFNC
PressSec45,OutnumberedFNC
PressSec45,SandraSmithFox
PressSec45,HARRISFAULKNER
PressSec45,SpecialReport
PressSec45,ThisWeekABC
PressSec45,hogangidley45
PressSec45,ByronYork
PressSec45,SenatorRisch
PressSec45,MMortensenUSA
PressSec45,lagibbs84
PressSec45,NBCOlympics
PressSec45,JuddPDeere45
PressSec45,jonathanvswan
PressSec45,hughhewitt
PressSec45,SarahHuckabee
PressSec45,SeemaCMS
PressSec45,RealJamesWoods
PressSec45,Heritage
PressSec45,Reince
PressSec45,seanspicer
PressSec45,NoradSanta
PressSec45,CBSMornings
PressSec45,Forbes
PressSec45,FT
PressSec45,business
PressSec45,WHNSC45
PressSec45,JessicaStoneTV
PressSec45,SecretService
PressSec45,JessicaDitto45
PressSec45,NatResources
PressSec45,emilymiller
PressSec45,NSAGov
PressSec45,DylanByers
PressSec45,USTradeRep45
PressSec45,BetsyDeVosED
PressSec45,SonnyPerdue
PressSec45,LawrenceBJones3
PressSec45,AaronBlake
PressSec45,Jordanfabian
PressSec45,DavidNakamura
PressSec45,pdoocy
PressSec45,MonicaCrowley
PressSec45,ShannonBream
PressSec45,SteveDoocy
PressSec45,marthamaccallum
PressSec45,kilmeade
PressSec45,kevincorke
PressSec45,BillHemmer
PressSec45,FoxNewsSunday
PressSec45,johnrobertsFox
PressSec45,EliStokols
PressSec45,SenateGOP
PressSec45,apalmerdc
PressSec45,axios
PressSec45,playbookdc
PressSec45,anniekarni
PressSec45,jdawsey1
PressSec45,dlippman
PressSec45,cherylbolen
PressSec45,ayesharascoe
PressSec45,robertarampton
PressSec45,US_EUCOM
PressSec45,INDOPACOM
PressSec45,CENTCOM
PressSec45,USCG
PressSec45,USArmy
PressSec45,USMC
PressSec45,yashar
PressSec45,TIME
PressSec45,washingtonpost
PressSec45,NPR
PressSec45,WSJ
PressSec45,thehill
PressSec45,politico
PressSec45,ChrisCillizza
PressSec45,costareports
PressSec45,MarkLandler
PressSec45,juliehdavis
PressSec45,JaredRizzi
PressSec45,shearm
PressSec45,peterbakernyt
PressSec45,JoshNBCNews
PressSec45,dsupervilleap
PressSec45,SpeakerRyan
PressSec45,GOPLeader
PressSec45,FEMA_Deanne
PressSec45,CIA
PressSec45,FBI
PressSec45,RedCross
PressSec45,fema
PressSec45,ricardorossello
PressSec45,SecAFOfficial
PressSec45,GenDaveGoldfein
PressSec45,ChiefPentSpox45
PressSec45,USDAFoodSafety
PressSec45,NIH
PressSec45,Surgeon_General
PressSec45,BBCBreaking
PressSec45,cnnbrk
PressSec45,nytimes
PressSec45,justinsink
PressSec45,steveholland1
PressSec45,margarettalev
PressSec45,jeffmason1
PressSec45,KThomasDC
PressSec45,JuliePace
PressSec45,carolelee
PressSec45,Stcrow
PressSec45,OKnox
PressSec45,dougmillsnyt
PressSec45,TAPSorg
PressSec45,sanders_bryan
PressSec45,merica
PressSec45,abbydphillip
PressSec45,OANN
PressSec45,TreyYingst
PressSec45,jeneps
PressSec45,JenniferJJacobs
PressSec45,USArmyReserve
PressSec45,uscoastguard
PressSec45,USNationalGuard
PressSec45,USNavy
PressSec45,Reuters
PressSec45,AP
PressSec45,CBSNews
PressSec45,ABC
PressSec45,NBCNews
PressSec45,mitchellreports
PressSec45,edhenry
PressSec45,Acosta
PressSec45,KellyO
PressSec45,MajorCBS
PressSec45,jonkarl
PressSec45,PeterAlexander
PressSec45,kwelkernbc
PressSec45,HallieJackson
PressSec45,MarkHalperin
PressSec45,mikeallen
PressSec45,ZekeJMiller
PressSec45,JenniferWishon
PressSec45,DBrodyReports
PressSec45,AshleyRParker
PressSec45,PhilipRucker
PressSec45,GlennThrush
PressSec45,chucktodd
PressSec45,jaketapper
PressSec45,maggieNYT
PressSec45,TeamCavuto
PressSec45,Varneyco
PressSec45,LouDobbs
PressSec45,IngrahamAngle
PressSec45,GovernorPerry
PressSec45,DanaPerino
PressSec45,greta
PressSec45,BretBaier
PressSec45,TuckerCarlson
PressSec45,newtgingrich
PressSec45,GovMikeHuckabee
PressSec45,AmbJohnBolton
PressSec45,JaySekulow
PressSec45,usairforce
PressSec45,LeaderMcConnell
PressSec45,KellyannePolls
PressSec45,seanhannity
PressSec45,CNN
PressSec45,FoxNews
PressSec45,foxandfriends
PressSec45,IvankaTrump
PressSec45,EricTrump
PressSec45,DonaldJTrumpJr
PressSec45,thejointstaff
PressSec45,PentagonPresSec
PressSec45,StateDeptSpox
PressSec45,StephGrisham45
PressSec45,USDOT
PressSec45,USUN
PressSec45,ENERGY
PressSec45,SBAgov
PressSec45,USTreasury
PressSec45,CommerceGov
PressSec45,DeptVetAffairs
PressSec45,Interior
PressSec45,TheJusticeDept
PressSec45,DeptofDefense
PressSec45,USDA
PressSec45,HHSGov
PressSec45,USTradeRep44
PressSec45,usedgov
PressSec45,USDOL
PressSec45,DHSgov
PressSec45,EPA
PressSec45,StateDept
PressSec45,Cabinet45
PressSec45,SecretaryRoss
PressSec45,VPPressSec45
PressSec45,Linda_McMahon
PressSec45,WilburRoss
PressSec45,SecElaineChao
PressSec45,stevenmnuchin1
PressSec45,BetsyDeVos
PressSec45,SecretaryCarson
PressSec45,alexahenning45
PressSec45,katekarnes45
PressSec45,CLH45
PressSec45,Scavino45
PressSec45,Mike_Pence
PressSec45,POTUS45
PressSec45,WhiteHouse45
PressSec45,SecondLady45
PressSec45,VP45
PressSec45,FLOTUS45
Mike_Pence,dsupervilleap
Mike_Pence,KevinRobertsTX
Mike_Pence,ScottWalker
Mike_Pence,SBAList
Mike_Pence,GOPGovs
Mike_Pence,ARTxPAC
Mike_Pence,marctshort
Mike_Pence,AmericanFreedom
Mike_Pence,GOPLeader
Mike_Pence,Franklin_Graham
Mike_Pence,yaf
Mike_Pence,DailySignal
Mike_Pence,Heritage
Mike_Pence,realDailyWire
Mike_Pence,hannahmacinnis
Mike_Pence,margbrennan
Mike_Pence,JenniferJJacobs
Mike_Pence,GOP
Mike_Pence,GovHolcomb
Mike_Pence,marklevinshow
Mike_Pence,FoxNewsSunday
Mike_Pence,FaceTheNation
Mike_Pence,MeetThePress
Mike_Pence,VPComDir45
Mike_Pence,SecretsBedard
Mike_Pence,hannahmac45
Mike_Pence,RandPaul
Mike_Pence,PressSec45
Mike_Pence,steveholland1
Mike_Pence,markknoller
Mike_Pence,RNCResearch
Mike_Pence,US_FDA
Mike_Pence,SpaceForceDoD
Mike_Pence,SenateGOP
Mike_Pence,FLOTUS45
Mike_Pence,Scavino45
Mike_Pence,SarahHuckabee
Mike_Pence,LaCasaBlanca45
Mike_Pence,POTUS45
Mike_Pence,Cabinet45
Mike_Pence,WhiteHouse45
Mike_Pence,marcshort45
Mike_Pence,GOPChairwoman
Mike_Pence,TrumpWarRoom
Mike_Pence,kayleighmcenany
Mike_Pence,charlibond_
Mike_Pence,KarenPence
Mike_Pence,SecondLady45
Mike_Pence,VP45
Mike_Pence,parscale
Mike_Pence,MELANIATRUMP
Mike_Pence,DanScavino
Mike_Pence,LaraLeaTrump
Mike_Pence,DonaldJTrumpJr
Mike_Pence,EricTrump
Mike_Pence,IvankaTrump
Mike_Pence,marty_obst
Mike_Pence,FirstLadyIN
Mike_Pence,GovPenceIN
